id,date,item_id,item_sku,item_name,qty,unit,used_by,notes,created_at
out_1785864757555,04-08-2026,stk_2,J002,Palm Oil (পাম অয়েল),23,packet,,,2026-08-04T17:32:37.555Z
out_1785864785551,04-08-2026,stk_7,J007,Chowmein Noodle (চাউমিন),15,packet,,,2026-08-04T17:33:05.551Z
out_1785864807774,04-08-2026,stk_8,J008,Tomato Sauce (টমেটো sos),4,packet,,,2026-08-04T17:33:27.774Z
out_1785864849200,04-08-2026,stk_13,J013,Kasuri Methi,3,pcs,,,2026-08-04T17:34:09.200Z
out_1785864880360,04-08-2026,stk_12,J012,Corn Flour,1,kg,,,2026-08-04T17:34:40.360Z
out_1785864898797,04-08-2026,stk_16,J016,Ajinomoto (Ajina),2,kg,,,2026-08-04T17:34:58.798Z
out_1785864910178,04-08-2026,stk_3,J003,Refined Oil (রেফাইন্ড অয়েল),1,L,,,2026-08-04T17:35:10.179Z
out_1785864922987,04-08-2026,stk_4,J004,Mustard Oil (মাস্টার অয়েল),1,L,,,2026-08-04T17:35:22.987Z
out_1785864937341,04-08-2026,stk_1,J001,Rice (রাইস),3,packet,,,2026-08-04T17:35:37.341Z
out_1785864959818,04-08-2026,stk_19,J019,Jeera (Cumin Seeds),250,g,,,2026-08-04T17:35:59.818Z
out_1785866784751,04-08-2026,stk_23,J023,Attar / Essence,1,pcs,,,2026-08-04T18:06:24.751Z
out_1785866796854,04-08-2026,stk_6,J006,Atta (আটা),5,kg,,,2026-08-04T18:06:36.854Z
out_1785866830144,04-08-2026,stk_42,J042,Pure Ghee,1,box,,,2026-08-04T18:07:10.144Z
out_1785866843143,04-08-2026,stk_11,J011,Vinegar,1,pcs,,,2026-08-04T18:07:23.143Z
out_1785867036876,04-08-2026,stk_35,J035,Long (Cloves),180,g,,,2026-08-04T18:10:36.876Z
out_1785867077467,04-08-2026,stk_9,J009,Chili Sauce,1,pcs,,,2026-08-04T18:11:17.467Z
out_1785867090073,04-08-2026,stk_15,J015,Kashmiri Chilli Powder,2,pcs,,,2026-08-04T18:11:30.073Z
out_1785867139425,04-08-2026,stk_29,J029,Sugar,2300,kg,,,2026-08-04T18:12:19.426Z
out_1785869180920,04-08-2026,stk_88,J088,Cucumber (শসা),3.3,kg,,,2026-08-04T18:46:20.921Z
out_1785869272602,04-08-2026,stk_83,J083,Tomato (টমেটো),6,kg,,,2026-08-04T18:47:52.602Z
out_1785869327618,04-08-2026,stk_80,J080,Carrot,2.4,kg,,,2026-08-04T18:48:47.618Z
out_1785869410738,04-08-2026,stk_79,J079,Capsicum,2.6,kg,,,2026-08-04T18:50:10.738Z
out_1785869437894,04-08-2026,stk_84,J084,Cabbage (বাঁধাকপি),5.2,kg,,,2026-08-04T18:50:37.894Z
out_1785869481457,04-08-2026,stk_82,J082,Green Chilli (কাঁচা লঙ্কা),1,kg,,,2026-08-04T18:51:21.457Z
out_1785869542266,04-08-2026,stk_75,J075,Potato (আলু),14,kg,,,2026-08-04T18:52:22.266Z
out_1785869570672,04-08-2026,stk_76,J076,Onion (পেঁয়াজ),17.5,kg,,,2026-08-04T18:52:50.672Z
out_1785870005389,04-08-2026,stk_54,J054,Milk (দুধ),5,packet,,,2026-08-04T19:00:05.389Z
out_1785870140163,04-08-2026,stk_55,J055,Dahi (দই / Curd),16,kg,,,2026-08-04T19:02:20.163Z
out_1785939924823,05-08-2026,stk_5,J005,Maida (মাইদা),10,kg,,,2026-08-05T14:25:24.823Z
out_1785949182917,05-08-2026,stk_2,J002,Palm Oil (পাম অয়েল),5,packet,,,2026-08-05T16:59:42.917Z
out_1785949192445,05-08-2026,stk_13,J013,Kasuri Methi,1,pcs,,,2026-08-05T16:59:52.445Z
out_1785949215631,05-08-2026,stk_16,J016,Ajinomoto (Ajina),0.5,kg,,,2026-08-05T17:00:15.631Z
out_1785949321783,05-08-2026,stk_16,J016,Ajinomoto (Ajina),1.5,kg,,,2026-08-05T17:02:01.783Z
out_1785949708709,05-08-2026,stk_12,J012,Corn Flour,1,kg,,,2026-08-05T17:08:28.709Z
out_1785949722775,05-08-2026,stk_8,J008,Tomato Sauce (টমেটো sos),1,packet,,,2026-08-05T17:08:42.775Z
out_1785949757065,05-08-2026,stk_37,J037,Dalchini (Cinnamon),150,g,,,2026-08-05T17:09:17.065Z
out_1785950846062,05-08-2026,stk_39,J039,Rose Petals,100,g,,,2026-08-05T17:27:26.062Z
out_1785950881273,05-08-2026,stk_17,J017,Chilli Powder,3,packet,,,2026-08-05T17:28:01.273Z
out_1785951122903,05-08-2026,stk_43,J043,Baking Powder,1,box,,,2026-08-05T17:32:02.903Z
out_1785951138660,05-08-2026,stk_4,J004,Mustard Oil (মাস্টার অয়েল),1,L,,,2026-08-05T17:32:18.660Z
out_1785951157567,05-08-2026,stk_44,J044,Mushroom,1,box,,,2026-08-05T17:32:37.567Z
out_1785951205072,05-08-2026,stk_5,J005,Maida (মাইদা),3.5,kg,,,2026-08-05T17:33:25.072Z
out_1785951385961,05-08-2026,stk_83,J083,Tomato (টমেটো),0.7,kg,,,2026-08-05T17:36:25.961Z
out_1785951420666,05-08-2026,stk_79,J079,Capsicum,0.5,kg,,,2026-08-05T17:37:00.666Z
out_1785951461181,05-08-2026,stk_80,J080,Carrot,0.5,kg,,,2026-08-05T17:37:41.181Z
out_1785951493746,05-08-2026,stk_84,J084,Cabbage (বাঁধাকপি),0.12,kg,,,2026-08-05T17:38:13.746Z
out_1785951524672,05-08-2026,stk_88,J088,Cucumber (শসা),0.5,kg,,,2026-08-05T17:38:44.672Z
out_1785951562998,05-08-2026,stk_75,J075,Potato (আলু),2.5,kg,,,2026-08-05T17:39:22.998Z
out_1785951601369,05-08-2026,stk_76,J076,Onion (পেঁয়াজ),3.5,kg,,,2026-08-05T17:40:01.369Z
out_1785951623537,05-08-2026,stk_82,J082,Green Chilli (কাঁচা লঙ্কা),0.2,kg,,,2026-08-05T17:40:23.537Z
out_1785951664679,05-08-2026,stk_81,J081,Beans,0.5,kg,,,2026-08-05T17:41:04.680Z
out_1785951719271,05-08-2026,stk_55,J055,Dahi (দই / Curd),1,kg,,,2026-08-05T17:41:59.271Z
out_1785951735791,05-08-2026,stk_54,J054,Milk (দুধ),2,packet,,,2026-08-05T17:42:15.791Z
out_1785951776128,05-08-2026,stk_57,J057,Butter,1,packet,,,2026-08-05T17:42:56.128Z
out_1785951795710,05-08-2026,stk_112,J112,13x16 Carry Bag,1,packet,,,2026-08-05T17:43:15.710Z
out_1785951863813,05-08-2026,stk_64,J064,Bisleri Water 1L,7,pcs,,,2026-08-05T17:44:23.813Z
out_1785951877053,05-08-2026,stk_67,J067,Bisleri Water 500ml,4,pcs,,,2026-08-05T17:44:37.053Z
out_1785951895800,05-08-2026,stk_60,J060,Campa White 100ml,1,pcs,,,2026-08-05T17:44:55.800Z
out_1785951916604,05-08-2026,stk_62,J062,Campa White 500ml,4,pcs,,,2026-08-05T17:45:16.604Z
out_1785951966199,05-08-2026,stk_61,J061,Campa Black 500ml,4,pcs,,,2026-08-05T17:46:06.199Z
out_1786022643398,06-08-2026,stk_2,J002,Palm Oil (পাম অয়েল),5,packet,,,2026-08-06T13:24:03.398Z
out_1786022652638,06-08-2026,stk_7,J007,Chowmein Noodle (চাউমিন),2,packet,,,2026-08-06T13:24:12.638Z
out_1786022670844,06-08-2026,stk_17,J017,Chilli Powder,3,packet,,,2026-08-06T13:24:30.844Z
out_1786022689203,06-08-2026,stk_18,J018,Haldi (Turmeric Powder),4,packet,,,2026-08-06T13:24:49.203Z
out_1786022724488,06-08-2026,stk_14,J014,Chat Masala,1,packet,,,2026-08-06T13:25:24.488Z
out_1786022893094,06-08-2026,stk_3,J003,Refined Oil (রেফাইন্ড অয়েল),1,L,,,2026-08-06T13:28:13.095Z
out_1786022904965,06-08-2026,stk_11,J011,Vinegar,1,pcs,,,2026-08-06T13:28:24.965Z
out_1786022927163,06-08-2026,stk_83,J083,Tomato (টমেটো),0.4,kg,,,2026-08-06T13:28:47.163Z
out_1786022946145,06-08-2026,stk_79,J079,Capsicum,0.7,kg,,,2026-08-06T13:29:06.145Z
out_1786022961564,06-08-2026,stk_80,J080,Carrot,0.5,kg,,,2026-08-06T13:29:21.564Z
out_1786023011130,06-08-2026,stk_84,J084,Cabbage (বাঁধাকপি),1.1,kg,,,2026-08-06T13:30:11.130Z
out_1786023057497,06-08-2026,stk_82,J082,Green Chilli (কাঁচা লঙ্কা),0.25,kg,,,2026-08-06T13:30:57.497Z
out_1786023179377,06-08-2026,stk_75,J075,Potato (আলু),3.5,kg,,,2026-08-06T13:32:59.377Z
out_1786023197932,06-08-2026,stk_76,J076,Onion (পেঁয়াজ),4.5,kg,,,2026-08-06T13:33:17.932Z
out_1786023225110,06-08-2026,stk_77,J077,Ginger (আদা),3,kg,,,2026-08-06T13:33:45.111Z
out_1786023248603,06-08-2026,stk_78,J078,Garlic (রসুন),2.2,kg,,,2026-08-06T13:34:08.603Z
out_1786023485756,06-08-2026,stk_54,J054,Milk (দুধ),1,packet,,,2026-08-06T13:38:05.756Z
out_1786023996037,06-08-2026,stk_55,J055,Dahi (দই / Curd),4,kg,,,2026-08-06T13:46:36.037Z
out_1786029361252,06-08-2026,stk_108,J108,Tissue Paper,1,packet,,,2026-08-06T15:16:01.252Z
out_1786029411089,06-08-2026,stk_104,J104,1000ml Container,50,pcs,,,2026-08-06T15:16:51.089Z
out_1786032469169,06-08-2026,stk_76,J076,Onion (পেঁয়াজ),19.5,kg,,,2026-08-06T16:07:49.169Z
out_1786036757121,06-08-2026,stk_61,J061,Campa Black 500ml,5,pcs,,,2026-08-06T17:19:17.121Z
out_1786036830993,06-08-2026,stk_74,J074,Sprite 1L,2,pcs,,,2026-08-06T17:20:30.993Z
out_1786036890633,06-08-2026,stk_90,J090,Rs 10 Cone,4,pcs,,,2026-08-06T17:21:30.634Z
out_1786036953609,06-08-2026,stk_95,J095,Rs 30 Cone,1,pcs,,,2026-08-06T17:22:33.610Z
out_1786037778896,06-08-2026,stk_93,J093,Rs 20 Stick,6,pcs,,,2026-08-06T17:36:18.897Z
out_1786085223319,07-08-2026,stk_64,J064,Bisleri Water 1L,12,pcs,,,2026-08-07T06:47:03.320Z
out_1786106457642,07-08-2026,stk_17,J017,Chilli Powder,4,packet,,,2026-08-07T12:40:57.642Z
out_1786106493443,07-08-2026,stk_2,J002,Palm Oil (পাম অয়েল),5,packet,,,2026-08-07T12:41:33.443Z
out_1786106537876,07-08-2026,stk_5,J005,Maida (মাইদা),1,kg,,,2026-08-07T12:42:17.876Z
out_1786106578620,07-08-2026,stk_13,J013,Kasuri Methi,1,pcs,,,2026-08-07T12:42:58.620Z
out_1786106621003,07-08-2026,stk_24,J024,Red Food Color,1,box,,,2026-08-07T12:43:41.003Z
out_1786106661836,07-08-2026,stk_30,J030,Posto (Poppy Seeds),2,packet,,,2026-08-07T12:44:21.836Z
out_1786106684643,07-08-2026,stk_31,J031,Dalda / Vanaspati,2,packet,,,2026-08-07T12:44:44.643Z
out_1786106716875,07-08-2026,stk_33,J033,Mogoz (Melon Seeds),100,g,,,2026-08-07T12:45:16.875Z
out_1786106803235,07-08-2026,stk_52,J052,Egg (ডিম),4,packet,,,2026-08-07T12:46:43.235Z
out_1786106840450,07-08-2026,stk_54,J054,Milk (দুধ),1,packet,,,2026-08-07T12:47:20.450Z
out_1786106898980,07-08-2026,stk_57,J057,Butter,1,packet,,,2026-08-07T12:48:18.980Z
out_1786106936372,07-08-2026,stk_75,J075,Potato (আলু),2.8,kg,,,2026-08-07T12:48:56.372Z
out_1786107035699,07-08-2026,stk_79,J079,Capsicum,0.5,kg,,,2026-08-07T12:50:35.699Z
out_1786107105507,07-08-2026,stk_80,J080,Carrot,0.5,kg,,,2026-08-07T12:51:45.507Z
out_1786107145947,07-08-2026,stk_82,J082,Green Chilli (কাঁচা লঙ্কা),0.25,kg,,,2026-08-07T12:52:25.947Z
out_1786107195811,07-08-2026,stk_83,J083,Tomato (টমেটো),3.6,kg,,,2026-08-07T12:53:15.811Z
out_1786107236146,07-08-2026,stk_84,J084,Cabbage (বাঁধাকপি),1.1,kg,,,2026-08-07T12:53:56.146Z
out_1786107340259,07-08-2026,stk_88,J088,Cucumber (শসা),0.6,kg,,,2026-08-07T12:55:40.259Z
out_1786107452482,07-08-2026,stk_112,J112,13x16 Carry Bag,1,packet,,,2026-08-07T12:57:32.482Z
out_1786107520282,07-08-2026,stk_108,J108,Tissue Paper,2,packet,,,2026-08-07T12:58:40.283Z
out_1786107586971,07-08-2026,stk_124,J124,Vim Soap / Bar (Bhim Srap),2,pcs,,,2026-08-07T12:59:46.971Z
out_1786111021824,07-08-2026,stk_106,J106,750ml Container,50,pcs,,,2026-08-07T13:57:01.824Z
out_1786114400172,07-08-2026,stk_2,J002,Palm Oil (পাম অয়েল),3,packet,,,2026-08-07T14:53:20.172Z
out_1786114464177,07-08-2026,stk_2,J002,Palm Oil (পাম অয়েল),8,packet,,,2026-08-07T14:54:24.177Z
out_1786114507665,07-08-2026,stk_46,J046,Papad,4,packet,,,2026-08-07T14:55:07.665Z
out_1786114701434,07-08-2026,stk_14,J014,Chat Masala,3,packet,,,2026-08-07T14:58:21.435Z
out_1786119805504,07-08-2026,stk_68,J068,Local Mineral Water 500ml,6,pcs,,,2026-08-07T16:23:25.504Z
out_1786122681760,07-08-2026,stk_64,J064,Bisleri Water 1L,7,pcs,,,2026-08-07T17:11:21.760Z
out_1786122711740,07-08-2026,stk_67,J067,Bisleri Water 500ml,6,pcs,,,2026-08-07T17:11:51.740Z
out_1786122729091,07-08-2026,stk_54,J054,Milk (দুধ),1,packet,,,2026-08-07T17:12:09.092Z
out_1786122777692,07-08-2026,stk_76,J076,Onion (পেঁয়াজ),6.5,kg,,,2026-08-07T17:12:57.692Z
out_1786124683125,07-08-2026,stk_76,J076,Onion (পেঁয়াজ),0.5,kg,,,2026-08-07T17:44:43.126Z
out_1786124883697,07-08-2026,stk_52,J052,Egg (ডিম),7,packet,,,2026-08-07T17:48:03.697Z
out_1786125757595,07-08-2026,stk_64,J064,Bisleri Water 1L,3,pcs,,,2026-08-07T18:02:37.595Z
out_1786125815066,07-08-2026,stk_61,J061,Campa Black 500ml,6,pcs,,,2026-08-07T18:03:35.066Z
out_1786125836133,07-08-2026,stk_62,J062,Campa White 500ml,3,pcs,,,2026-08-07T18:03:56.133Z
out_1786125864126,07-08-2026,stk_1785945290174,J138,CAMPA JEERA,2,pcs,,,2026-08-07T18:04:24.126Z
out_1786197216915,08-08-2026,stk_1,J001,Rice (রাইস),1,packet,,,2026-08-08T13:53:36.915Z
out_1786197412783,08-08-2026,stk_2,J002,Palm Oil (পাম অয়েল),5,packet,,,2026-08-08T13:56:52.783Z
out_1786197440426,08-08-2026,stk_3,J003,Refined Oil (রেফাইন্ড অয়েল),1,L,,,2026-08-08T13:57:20.426Z
out_1786197505334,08-08-2026,stk_6,J006,Atta (আটা),5,kg,,,2026-08-08T13:58:25.334Z
out_1786197539293,08-08-2026,stk_7,J007,Chowmein Noodle (চাউমিন),5,packet,,,2026-08-08T13:58:59.293Z
out_1786197644633,08-08-2026,stk_8,J008,Tomato Sauce (টমেটো sos),1,packet,,,2026-08-08T14:00:44.633Z
out_1786197661319,08-08-2026,stk_9,J009,Chili Sauce,1,pcs,,,2026-08-08T14:01:01.319Z
out_1786197678745,08-08-2026,stk_11,J011,Vinegar,1,pcs,,,2026-08-08T14:01:18.746Z
out_1786198083495,08-08-2026,stk_13,J013,Kasuri Methi,1,pcs,,,2026-08-08T14:08:03.496Z
out_1786198277440,08-08-2026,stk_75,J075,Potato (আলু),4.5,kg,,,2026-08-08T14:11:17.440Z
out_1786198362087,08-08-2026,stk_76,J076,Onion (পেঁয়াজ),4,kg,,,2026-08-08T14:12:42.087Z
out_1786198404958,08-08-2026,stk_79,J079,Capsicum,0.8,kg,,,2026-08-08T14:13:24.959Z
out_1786198441918,08-08-2026,stk_80,J080,Carrot,0.55,kg,,,2026-08-08T14:14:01.918Z
out_1786198473752,08-08-2026,stk_81,J081,Beans,0.5,kg,,,2026-08-08T14:14:33.752Z
out_1786198557758,08-08-2026,stk_82,J082,Green Chilli (কাঁচা লঙ্কা),0.25,kg,,,2026-08-08T14:15:57.758Z
out_1786198586555,08-08-2026,stk_83,J083,Tomato (টমেটো),0.8,kg,,,2026-08-14T16:16:26.555Z
out_1786198774496,08-08-2026,stk_84,J084,Cabbage (বাঁধাকপি),1.5,kg,,,2026-08-08T14:19:34.496Z
out_1786198807097,08-08-2026,stk_88,J088,Cucumber (শসা),0.5,kg,,,2026-08-08T14:20:07.098Z
out_1786199383759,08-08-2026,stk_55,J055,Dahi (দই / Curd),4,kg,,,2026-08-08T14:29:43.759Z
out_1786201641048,08-08-2026,stk_112,J112,13x16 Carry Bag,1,packet,,,2026-08-08T15:07:21.048Z
out_1786205173246,08-08-2026,stk_54,J054,Milk (দুধ),1,packet,,,2026-08-08T16:06:13.247Z
out_1786205191109,08-08-2026,stk_57,J057,Butter,1,packet,,,2026-08-08T16:06:31.109Z
out_1786207721922,08-08-2026,stk_108,J108,Tissue Paper,2,packet,,,2026-08-08T16:48:41.922Z
out_1786207760259,08-08-2026,stk_64,J064,Bisleri Water 1L,7,pcs,,,2026-08-08T16:49:20.259Z
out_1786207781197,08-08-2026,stk_61,J061,Campa Black 500ml,4,pcs,,,2026-08-08T16:49:41.198Z
out_1786207817933,08-08-2026,stk_62,J062,Campa White 500ml,4,pcs,,,2026-08-08T16:50:17.933Z
out_1786290421948,09-08-2026,stk_2,J002,Palm Oil (পাম অয়েল),3,packet,,,2026-08-09T15:47:01.949Z
out_1786290442425,09-08-2026,stk_7,J007,Chowmein Noodle (চাউমিন),4,packet,,,2026-08-09T15:47:22.425Z
out_1786290467406,09-08-2026,stk_8,J008,Tomato Sauce (টমেটো sos),1,packet,,,2026-08-09T15:47:47.406Z
out_1786290484085,09-08-2026,stk_12,J012,Corn Flour,1,kg,,,2026-08-09T15:48:04.085Z
out_1786290505449,09-08-2026,stk_14,J014,Chat Masala,1,packet,,,2026-08-09T15:48:25.449Z
out_1786290530306,09-08-2026,stk_15,J015,Kashmiri Chilli Powder,2,pcs,,,2026-08-09T15:48:50.306Z
out_1786290573947,09-08-2026,stk_19,J019,Jeera (Cumin Seeds),0.3,g,,,2026-08-09T15:49:33.947Z
out_1786290622165,09-08-2026,stk_23,J023,Attar / Essence,1,pcs,,,2026-08-09T15:50:22.165Z
out_1786290675266,09-08-2026,stk_27,J027,Dry Chilli,0.2,g,,,2026-08-09T15:51:15.266Z
out_1786290755692,09-08-2026,stk_41,J041,Black Pepper (Gol Morich),0.15,g,,,2026-08-09T15:52:35.693Z
out_1786290808486,09-08-2026,stk_42,J042,Pure Ghee,1,box,,,2026-08-09T15:53:28.486Z
out_1786290885520,09-08-2026,stk_16,J016,Ajinomoto (Ajina),1,kg,,,2026-08-09T15:54:45.520Z
out_1786290957474,09-08-2026,stk_54,J054,Milk (দুধ),1,packet,,,2026-08-09T15:55:57.474Z
out_1786290974911,09-08-2026,stk_55,J055,Dahi (দই / Curd),2,kg,,,2026-08-09T15:56:14.911Z
out_1786291004315,09-08-2026,stk_56,J056,Paneer (পনির),0.25,g,,,2026-08-09T15:56:44.315Z
out_1786291039660,09-08-2026,stk_57,J057,Butter,1,packet,,,2026-08-09T15:57:19.660Z
out_1786291076577,09-08-2026,stk_75,J075,Potato (আলু),2,kg,,,2026-08-09T15:57:56.578Z
out_1786291388812,09-08-2026,stk_79,J079,Capsicum,0.7,kg,,,2026-08-09T16:03:08.812Z
out_1786291434672,09-08-2026,stk_80,J080,Carrot,0.7,kg,,,2026-08-09T16:03:54.672Z
out_1786291461353,09-08-2026,stk_82,J082,Green Chilli (কাঁচা লঙ্কা),0.35,kg,,,2026-08-09T16:04:21.353Z
out_1786291535809,09-08-2026,stk_83,J083,Tomato (টমেটো),0.85,kg,,,2026-08-09T16:05:35.809Z
out_1786291596256,09-08-2026,stk_84,J084,Cabbage (বাঁধাকপি),1.5,kg,,,2026-08-09T16:06:36.256Z
out_1786291623881,09-08-2026,stk_76,J076,Onion (পেঁয়াজ),3.3,kg,,,2026-08-09T16:07:03.881Z
out_1786291677495,09-08-2026,stk_88,J088,Cucumber (শসা),0.5,kg,,,2026-08-09T16:07:57.495Z
out_1786291702673,09-08-2026,stk_117,J117,9x12 SP Pouch,1,packet,,,2026-08-09T16:08:22.673Z
out_1786291738887,09-08-2026,stk_104,J104,1000ml Container,50,pcs,,,2026-08-09T16:08:58.887Z
out_1786291769213,09-08-2026,stk_108,J108,Tissue Paper,2,packet,,,2026-08-09T16:09:29.213Z
out_1786292670271,09-08-2026,stk_2,J002,Palm Oil (পাম অয়েল),2,packet,,,2026-08-09T16:24:30.271Z
out_1786297649900,09-08-2026,stk_64,J064,Bisleri Water 1L,11,pcs,,,2026-08-09T17:47:29.901Z
out_1786297674048,09-08-2026,stk_67,J067,Bisleri Water 500ml,2,pcs,,,2026-08-09T17:47:54.048Z
out_1786297693070,09-08-2026,stk_64,J064,Bisleri Water 1L,2,pcs,,,2026-08-09T17:48:13.070Z
out_1786297714761,09-08-2026,stk_61,J061,Campa Black 500ml,5,pcs,,,2026-08-09T17:48:34.761Z
out_1786377715777,10-08-2026,stk_2,J002,Palm Oil (পাম অয়েল),5,packet,,,2026-08-10T16:01:55.777Z
out_1786377753383,10-08-2026,stk_8,J008,Tomato Sauce (টমেটো sos),1,packet,,,2026-08-10T16:02:33.383Z
out_1786377776555,10-08-2026,stk_13,J013,Kasuri Methi,1,pcs,,,2026-08-10T16:02:56.555Z
out_1786377801635,10-08-2026,stk_21,J021,Kabuli Chana,0.7,g,,,2026-08-10T16:03:21.635Z
out_1786377825656,10-08-2026,stk_17,J017,Chilli Powder,4,packet,,,2026-08-10T16:03:45.657Z
out_1786377863975,10-08-2026,stk_29,J029,Sugar,1.5,g,,,2026-08-10T16:04:23.975Z
out_1786377908644,10-08-2026,stk_37,J037,Dalchini (Cinnamon),0.2,g,,,2026-08-10T16:05:08.644Z
out_1786377926118,10-08-2026,stk_38,J038,Starful (Star Anise),0.18,g,,,2026-08-10T16:05:26.118Z
out_1786378000974,10-08-2026,stk_55,J055,Dahi (দই / Curd),5,kg,,,2026-08-10T16:06:40.974Z
out_1786378044674,10-08-2026,stk_75,J075,Potato (আলু),3,kg,,,2026-08-10T16:07:24.674Z
out_1786378065578,10-08-2026,stk_76,J076,Onion (পেঁয়াজ),10,kg,,,2026-08-10T16:07:45.578Z
out_1786378095928,10-08-2026,stk_79,J079,Capsicum,0.5,kg,,,2026-08-10T16:08:15.928Z
out_1786378158546,10-08-2026,stk_80,J080,Carrot,0.5,kg,,,2026-08-10T16:09:18.546Z
out_1786378184731,10-08-2026,stk_82,J082,Green Chilli (কাঁচা লঙ্কা),0.2,kg,,,2026-08-10T16:09:44.731Z
out_1786378208912,10-08-2026,stk_83,J083,Tomato (টমেটো),0.3,kg,,,2026-08-10T16:10:08.912Z
out_1786378229216,10-08-2026,stk_84,J084,Cabbage (বাঁধাকপি),1,kg,,,2026-08-10T16:10:29.216Z
out_1786378317668,10-08-2026,stk_88,J088,Cucumber (শসা),0.5,kg,,,2026-08-10T16:11:57.668Z
out_1786378339394,10-08-2026,stk_112,J112,13x16 Carry Bag,1,packet,,,2026-08-10T16:12:19.394Z
out_1786378363475,10-08-2026,stk_108,J108,Tissue Paper,1,packet,,,2026-08-10T16:12:43.475Z
out_1786378448716,10-08-2026,stk_54,J054,Milk (দুধ),1,packet,,,2026-08-10T16:14:08.716Z
out_1786381525524,10-08-2026,stk_58,J058,Amul Fresh Cream,1,packet,,,2026-08-10T17:05:25.525Z
out_1786383810065,10-08-2026,stk_5,J005,Maida (মাইদা),4,kg,,,2026-08-10T17:43:30.066Z
out_1786385281529,10-08-2026,stk_61,J061,Campa Black 500ml,4,pcs,,,2026-08-10T18:08:01.529Z
out_1786385314535,10-08-2026,stk_64,J064,Bisleri Water 1L,7,pcs,,,2026-08-10T18:08:34.535Z
out_1786385345629,10-08-2026,stk_67,J067,Bisleri Water 500ml,3,pcs,,,2026-08-10T18:09:05.629Z
out_1786428945551,11-08-2026,stk_86,J086,Dhania Pata (Coriander),9,kg,,,2026-08-11T06:15:45.552Z
out_1786429366236,11-08-2026,stk_55,J055,Dahi (দই / Curd),3,kg,,,2026-08-11T06:22:46.237Z
out_1786458201841,11-08-2026,stk_2,J002,Palm Oil (পাম অয়েল),5,packet,,,2026-08-11T14:23:21.841Z
out_1786458397016,11-08-2026,stk_8,J008,Tomato Sauce (টমেটো sos),1,packet,,,2026-08-11T14:26:37.016Z
out_1786458465756,11-08-2026,stk_9,J009,Chili Sauce,1,pcs,,,2026-08-11T14:27:45.756Z
out_1786458477875,11-08-2026,stk_10,J010,Soy Sauce,1,pcs,,,2026-08-11T14:27:57.875Z
out_1786458492120,11-08-2026,stk_11,J011,Vinegar,1,pcs,,,2026-08-11T14:28:12.121Z
out_1786458518622,11-08-2026,stk_13,J013,Kasuri Methi,1,pcs,,,2026-08-11T14:28:38.622Z
out_1786458534122,11-08-2026,stk_16,J016,Ajinomoto (Ajina),0.5,kg,,,2026-08-11T14:28:54.122Z
out_1786458551622,11-08-2026,stk_14,J014,Chat Masala,2,packet,,,2026-08-11T14:29:11.622Z
out_1786458577278,11-08-2026,stk_17,J017,Chilli Powder,5,packet,,,2026-08-11T14:29:37.278Z
out_1786458655346,11-08-2026,stk_51,J051,Dhania (Coriander Seeds),0.1,g,,,2026-08-11T14:30:55.346Z
out_1786458689742,11-08-2026,stk_54,J054,Milk (দুধ),1,packet,,,2026-08-11T14:31:29.742Z
out_1786458708506,11-08-2026,stk_55,J055,Dahi (দই / Curd),4,kg,,,2026-08-11T14:31:48.506Z
out_1786458724406,11-08-2026,stk_57,J057,Butter,1,packet,,,2026-08-11T14:32:04.406Z
out_1786458741600,11-08-2026,stk_58,J058,Amul Fresh Cream,1,packet,,,2026-08-11T14:32:21.600Z
out_1786458816864,11-08-2026,stk_75,J075,Potato (আলু),3.5,kg,,,2026-08-11T14:33:36.865Z
out_1786458839206,11-08-2026,stk_76,J076,Onion (পেঁয়াজ),2.5,kg,,,2026-08-11T14:33:59.206Z
out_1786458863382,11-08-2026,stk_79,J079,Capsicum,0.7,kg,,,2026-08-11T14:34:23.382Z
out_1786458887681,11-08-2026,stk_80,J080,Carrot,0.5,kg,,,2026-08-11T14:34:47.681Z
out_1786458916942,11-08-2026,stk_81,J081,Beans,0.5,kg,,,2026-08-11T14:35:16.942Z
out_1786458939877,11-08-2026,stk_82,J082,Green Chilli (কাঁচা লঙ্কা),0.25,kg,,,2026-08-11T14:35:39.877Z
out_1786458965971,11-08-2026,stk_83,J083,Tomato (টমেটো),1,kg,,,2026-08-11T14:36:05.971Z
out_1786459003880,11-08-2026,stk_84,J084,Cabbage (বাঁধাকপি),1.2,kg,,,2026-08-11T14:36:43.880Z
out_1786459026544,11-08-2026,stk_86,J086,Dhania Pata (Coriander),0.3,kg,,,2026-08-11T14:37:06.544Z
out_1786459048110,11-08-2026,stk_88,J088,Cucumber (শসা),0.6,kg,,,2026-08-11T14:37:28.110Z
out_1786459071380,11-08-2026,stk_108,J108,Tissue Paper,2,packet,,,2026-08-11T14:37:51.380Z
out_1786459088672,11-08-2026,stk_116,J116,7x9 SP Pouch,1,packet,,,2026-08-11T14:38:08.672Z
out_1786459103370,11-08-2026,stk_118,J118,6x8 SP Pouch,1,pcs,,,2026-08-11T14:38:23.370Z
out_1786459118464,11-08-2026,stk_111,J111,16x20 Carry Bag,1,packet,,,2026-08-11T14:38:38.464Z
out_1786459147250,11-08-2026,stk_104,J104,1000ml Container,1,pcs,,,2026-08-11T14:39:07.250Z
out_1786460653320,11-08-2026,stk_88,J088,Cucumber (শসা),0.5,kg,,,2026-08-11T15:04:13.320Z
out_1786460681170,11-08-2026,stk_80,J080,Carrot,0.5,kg,,,2026-08-11T15:04:41.170Z
out_1786462603093,11-08-2026,stk_112,J112,13x16 Carry Bag,2,packet,,,2026-08-11T15:36:43.093Z
out_1786463969659,11-08-2026,stk_54,J054,Milk (দুধ),1,packet,,,2026-08-11T15:59:29.659Z
out_1786468209070,11-08-2026,stk_3,J003,Refined Oil (রেফাইন্ড অয়েল),1,L,,,2026-08-11T17:10:09.070Z
out_1786549593608,12-08-2026,stk_1,J001,Rice (রাইস),1,packet,,,2026-08-12T15:46:33.608Z
out_1786549778868,12-08-2026,stk_2,J002,Palm Oil (পাম অয়েল),8,packet,,,2026-08-12T15:49:38.868Z
out_1786549832864,12-08-2026,stk_4,J004,Mustard Oil (মাস্টার অয়েল),1,L,,,2026-08-12T15:50:32.864Z
out_1786549872278,12-08-2026,stk_7,J007,Chowmein Noodle (চাউমিন),5,packet,,,2026-08-12T15:51:12.278Z
out_1786549902969,12-08-2026,stk_13,J013,Kasuri Methi,1,pcs,,,2026-08-12T15:51:42.969Z
out_1786549942755,12-08-2026,stk_17,J017,Chilli Powder,5,packet,,,2026-08-12T15:52:22.756Z
out_1786549955809,12-08-2026,stk_18,J018,Haldi (Turmeric Powder),4,packet,,,2026-08-12T15:52:35.810Z
out_1786550001331,12-08-2026,stk_34,J034,Elachi (Cardamom),0.1,g,,,2026-08-12T15:53:21.331Z
out_1786550026361,12-08-2026,stk_35,J035,Long (Cloves),0.1,g,,,2026-08-12T15:53:46.361Z
out_1786550127583,12-08-2026,stk_41,J041,Black Pepper (Gol Morich),0.2,g,,,2026-08-12T15:55:27.583Z
out_1786550154017,12-08-2026,stk_124,J124,Vim Soap / Bar (Bhim Srap),3,pcs,,,2026-08-12T15:55:54.018Z
out_1786550200343,12-08-2026,stk_54,J054,Milk (দুধ),1,packet,,,2026-08-12T15:56:40.344Z
out_1786550225954,12-08-2026,stk_55,J055,Dahi (দই / Curd),9,kg,,,2026-08-12T15:57:05.955Z
out_1786550309409,12-08-2026,stk_57,J057,Butter,1,packet,,,2026-08-12T15:58:29.409Z
out_1786550340078,12-08-2026,stk_58,J058,Amul Fresh Cream,1,packet,,,2026-08-12T15:59:00.078Z
out_1786550437897,12-08-2026,stk_75,J075,Potato (আলু),2.5,kg,,,2026-08-12T16:00:37.897Z
out_1786550470763,12-08-2026,stk_76,J076,Onion (পেঁয়াজ),4.5,kg,,,2026-08-12T16:01:10.763Z
out_1786550510815,12-08-2026,stk_79,J079,Capsicum,0.5,kg,,,2026-08-12T16:01:50.815Z
out_1786550533678,12-08-2026,stk_80,J080,Carrot,0.6,kg,,,2026-08-12T16:02:13.678Z
out_1786550560973,12-08-2026,stk_82,J082,Green Chilli (কাঁচা লঙ্কা),0.4,kg,,,2026-08-12T16:02:40.973Z
out_1786550580492,12-08-2026,stk_83,J083,Tomato (টমেটো),0.8,kg,,,2026-08-12T16:03:00.492Z
out_1786550617587,12-08-2026,stk_84,J084,Cabbage (বাঁধাকপি),2,kg,,,2026-08-12T16:03:37.587Z
out_1786550640812,12-08-2026,stk_86,J086,Dhania Pata (Coriander),0.4,kg,,,2026-08-12T16:04:00.813Z
out_1786550667848,12-08-2026,stk_88,J088,Cucumber (শসা),0.5,kg,,,2026-08-12T16:04:27.848Z
out_1786550730851,12-08-2026,stk_112,J112,13x16 Carry Bag,1,packet,,,2026-08-12T16:05:30.851Z
out_1786550753984,12-08-2026,stk_110,J110,Chatni Box,1,packet,,,2026-08-12T16:05:53.984Z
out_1786550785861,12-08-2026,stk_108,J108,Tissue Paper,3,packet,,,2026-08-12T16:06:25.861Z
out_1786552375589,12-08-2026,stk_46,J046,Papad,5,packet,,,2026-08-12T16:32:55.589Z
out_1786634984959,13-08-2026,stk_2,J002,Palm Oil (পাম অয়েল),5,packet,,,2026-08-13T15:29:44.959Z
out_1786635000268,13-08-2026,stk_3,J003,Refined Oil (রেফাইন্ড অয়েল),1,L,,,2026-08-13T15:30:00.268Z
out_1786635057893,13-08-2026,stk_5,J005,Maida (মাইদা),4,kg,,,2026-08-13T15:30:57.893Z
out_1786635076653,13-08-2026,stk_6,J006,Atta (আটা),5,kg,,,2026-08-13T15:31:16.653Z
out_1786635109021,13-08-2026,stk_8,J008,Tomato Sauce (টমেটো sos),1,packet,,,2026-08-13T15:31:49.021Z
out_1786635124509,13-08-2026,stk_11,J011,Vinegar,1,pcs,,,2026-08-13T15:32:04.509Z
out_1786635791766,13-08-2026,stk_13,J013,Kasuri Methi,1,pcs,,,2026-08-13T15:43:11.766Z
out_1786635804950,13-08-2026,stk_14,J014,Chat Masala,2,packet,,,2026-08-13T15:43:24.950Z
out_1786635816190,13-08-2026,stk_15,J015,Kashmiri Chilli Powder,2,pcs,,,2026-08-13T15:43:36.191Z
out_1786635841920,13-08-2026,stk_17,J017,Chilli Powder,5,packet,,,2026-08-13T15:44:01.921Z
out_1786635873478,13-08-2026,stk_24,J024,Red Food Color,1,box,,,2026-08-13T15:44:33.478Z
out_1786636120350,13-08-2026,stk_124,J124,Vim Soap / Bar (Bhim Srap),2,pcs,,,2026-08-13T15:48:40.350Z
out_1786636188350,13-08-2026,stk_55,J055,Dahi (দই / Curd),3,kg,,,2026-08-13T15:49:48.350Z
out_1786636209934,13-08-2026,stk_57,J057,Butter,1,packet,,,2026-08-13T15:50:09.934Z
out_1786636233302,13-08-2026,stk_104,J104,1000ml Container,1,pcs,,,2026-08-13T15:50:33.303Z
out_1786636254462,13-08-2026,stk_106,J106,750ml Container,1,pcs,,,2026-08-13T15:50:54.462Z
out_1786636299190,13-08-2026,stk_75,J075,Potato (আলু),4.5,kg,,,2026-08-13T15:51:39.190Z
out_1786636345167,13-08-2026,stk_76,J076,Onion (পেঁয়াজ),5,kg,,,2026-08-13T15:52:25.167Z
out_1786636363942,13-08-2026,stk_77,J077,Ginger (আদা),3,kg,,,2026-08-13T15:52:43.942Z
out_1786636381430,13-08-2026,stk_78,J078,Garlic (রসুন),2.5,kg,,,2026-08-13T15:53:01.430Z
out_1786636410319,13-08-2026,stk_79,J079,Capsicum,0.5,kg,,,2026-08-13T15:53:30.319Z
out_1786636550198,13-08-2026,stk_80,J080,Carrot,0.5,kg,,,2026-08-13T15:55:50.199Z
out_1786636570407,13-08-2026,stk_83,J083,Tomato (টমেটো),0.5,kg,,,2026-08-13T15:56:10.407Z
out_1786636600703,13-08-2026,stk_86,J086,Dhania Pata (Coriander),0.5,kg,,,2026-08-13T15:56:40.703Z
out_1786636616775,13-08-2026,stk_88,J088,Cucumber (শসা),0.4,kg,,,2026-08-13T15:56:56.775Z
out_1786642341597,13-08-2026,stk_61,J061,Campa Black 500ml,9,pcs,,,2026-08-13T17:32:21.597Z
out_1786642359045,13-08-2026,stk_64,J064,Bisleri Water 1L,21,pcs,,,2026-08-13T17:32:39.045Z
out_1786642380764,13-08-2026,stk_67,J067,Bisleri Water 500ml,4,pcs,,,2026-08-13T17:33:00.764Z
out_1786686647661,14-08-2026,stk_85,J085,Lemon (লেবু),50,pcs,,,2026-08-14T05:50:47.661Z
out_1786686685218,14-08-2026,stk_85,J085,Lemon (লেবু),6,pcs,,,2026-08-14T05:51:25.218Z
out_1786688900841,14-08-2026,stk_84,J084,Cabbage (বাঁধাকপি),0.7,kg,,,2026-08-14T06:28:20.841Z
out_1786689172529,14-08-2026,stk_82,J082,Green Chilli (কাঁচা লঙ্কা),1,kg,,,2026-08-14T06:32:52.530Z
out_1786689575036,14-08-2026,stk_52,J052,Egg (ডিম),5,packet,,,2026-08-14T06:39:35.037Z
out_1786689603868,14-08-2026,stk_52,J052,Egg (ডিম),2,packet,,,2026-08-14T06:40:03.868Z
out_1786689641493,14-08-2026,stk_134,J00134,plastic FOLK,5,packet,,,2026-08-14T06:40:41.493Z
out_1786689661157,14-08-2026,stk_5,J005,Maida (মাইদা),4,kg,,,2026-08-14T06:41:01.157Z
out_1786689702741,14-08-2026,stk_7,J007,Chowmein Noodle (চাউমিন),4,packet,,,2026-08-14T06:41:42.741Z
out_1786689736621,14-08-2026,stk_57,J057,Butter,1,packet,,,2026-08-14T06:42:16.621Z
out_1786689754308,14-08-2026,stk_13,J013,Kasuri Methi,1,pcs,,,2026-08-14T06:42:34.308Z
out_1786689784085,14-08-2026,stk_29,J029,Sugar,0.7,g,,,2026-08-14T06:43:04.085Z
out_1786689800014,14-08-2026,stk_16,J016,Ajinomoto (Ajina),0.5,kg,,,2026-08-14T06:43:20.014Z
out_1786689830838,14-08-2026,stk_51,J051,Dhania (Coriander Seeds),0.1,g,,,2026-08-14T06:43:50.838Z
out_1786689851221,14-08-2026,stk_41,J041,Black Pepper (Gol Morich),0.2,g,,,2026-08-14T06:44:11.221Z
out_1786697009901,14-08-2026,stk_27,J027,Dry Chilli,0.25,g,,,2026-08-14T08:43:29.902Z
out_1786697040654,14-08-2026,stk_33,J033,Mogoz (Melon Seeds),0.6,g,,,2026-08-14T08:44:00.654Z
out_1786697125573,14-08-2026,stk_31,J031,Dalda / Vanaspati,2,packet,,,2026-08-14T08:45:25.573Z
out_1786697148182,14-08-2026,stk_30,J030,Posto (Poppy Seeds),2,packet,,,2026-08-14T08:45:48.182Z
out_1786697167287,14-08-2026,stk_83,J083,Tomato (টমেটো),2.1,kg,,,2026-08-14T08:46:07.287Z
out_1786697193174,14-08-2026,stk_88,J088,Cucumber (শসা),0.3,kg,,,2026-08-14T08:46:33.174Z
out_1786697210150,14-08-2026,stk_80,J080,Carrot,0.2,kg,,,2026-08-14T08:46:50.150Z
out_1786698977432,14-08-2026,stk_80,J080,Carrot,0.5,kg,,,2026-08-14T09:16:17.432Z
out_1786698994264,14-08-2026,stk_88,J088,Cucumber (শসা),0.5,kg,,,2026-08-14T09:16:34.264Z
out_1786699272600,14-08-2026,stk_75,J075,Potato (আলু),2.4,kg,,,2026-08-14T09:21:12.600Z
out_1786713920343,14-08-2026,stk_58,J058,Amul Fresh Cream,1,packet,,,2026-08-14T13:25:20.344Z
out_1786724962154,14-08-2026,stk_57,J057,Butter,1,packet,,,2026-08-14T16:29:22.155Z
out_1786724982490,14-08-2026,stk_88,J088,Cucumber (শসা),0.5,kg,,,2026-08-14T16:29:42.490Z
out_1786725589441,14-08-2026,stk_2,J002,Palm Oil (পাম অয়েল),2,packet,,,2026-08-14T16:39:49.441Z
out_1786728979946,14-08-2026,stk_61,J061,Campa Black 500ml,4,pcs,,,2026-08-14T17:36:19.946Z
out_1786729005176,14-08-2026,stk_71,J071,Thums Up 500ml,4,pcs,,,2026-08-14T17:36:45.176Z
out_1786729039792,14-08-2026,stk_64,J064,Bisleri Water 1L,18,pcs,,,2026-08-14T17:37:19.792Z
out_1786729060743,14-08-2026,stk_67,J067,Bisleri Water 500ml,3,pcs,,,2026-08-14T17:37:40.743Z
out_1786729148517,14-08-2026,stk_74,J074,Sprite 1L,12,pcs,,,2026-08-14T17:39:08.517Z
out_1786729165684,14-08-2026,stk_124,J124,Vim Soap / Bar (Bhim Srap),2,pcs,,,2026-08-14T17:39:25.684Z
out_1786730203096,14-08-2026,stk_29,J029,Sugar,2,g,,,2026-08-14T17:56:43.097Z
out_1786730217822,14-08-2026,stk_42,J042,Pure Ghee,1,box,,,2026-08-14T17:56:57.822Z
out_1786799372718,15-08-2026,stk_1,J001,Rice (রাইস),1,packet,,,2026-08-15T13:09:32.718Z
out_1786799384036,15-08-2026,stk_2,J002,Palm Oil (পাম অয়েল),8,packet,,,2026-08-15T13:09:44.036Z
out_1786799394452,15-08-2026,stk_3,J003,Refined Oil (রেফাইন্ড অয়েল),1,L,,,2026-08-15T13:09:54.453Z
out_1786799405581,15-08-2026,stk_4,J004,Mustard Oil (মাস্টার অয়েল),1,L,,,2026-08-15T13:10:05.581Z
out_1786799427340,15-08-2026,stk_5,J005,Maida (মাইদা),4,kg,,,2026-08-15T13:10:27.340Z
out_1786799437867,15-08-2026,stk_7,J007,Chowmein Noodle (চাউমিন),3,packet,,,2026-08-15T13:10:37.867Z
out_1786799447860,15-08-2026,stk_8,J008,Tomato Sauce (টমেটো sos),1,packet,,,2026-08-15T13:10:47.860Z
out_1786799461141,15-08-2026,stk_11,J011,Vinegar,1,pcs,,,2026-08-15T13:11:01.141Z
out_1786799472132,15-08-2026,stk_13,J013,Kasuri Methi,2,pcs,,,2026-08-15T13:11:12.132Z
out_1786799494269,15-08-2026,stk_23,J023,Attar / Essence,1,pcs,,,2026-08-15T13:11:34.269Z
out_1786799520070,15-08-2026,stk_34,J034,Elachi (Cardamom),0.2,g,,,2026-08-15T13:12:00.070Z
out_1786799537222,15-08-2026,stk_36,J036,Jaitri (Mace),0.15,g,,,2026-08-15T13:12:17.222Z
out_1786800322024,15-08-2026,stk_47,J047,Kissan Tomato Sauce Pouch,1,pcs,,,2026-08-15T13:25:22.025Z
out_1786800392682,15-08-2026,stk_54,J054,Milk (দুধ),3,packet,,,2026-08-15T13:26:32.682Z
out_1786800473039,15-08-2026,stk_55,J055,Dahi (দই / Curd),5,packet,,,2026-08-15T13:27:53.039Z
out_1786800492862,15-08-2026,stk_55,J055,Dahi (দই / Curd),2,packet,,,2026-08-15T13:28:12.863Z
out_1786800528959,15-08-2026,stk_110,J110,Chatni Box,1,packet,,,2026-08-15T13:28:48.959Z
out_1786800561346,15-08-2026,stk_104,J104,1000ml Container,1,pcs,,,2026-08-15T13:29:21.346Z
out_1786804021070,15-08-2026,stk_124,J124,Vim Soap / Bar (Bhim Srap),2,pcs,,,2026-08-15T14:27:01.070Z
out_1786804840324,15-08-2026,stk_57,J057,Butter,1,packet,,,2026-08-15T14:40:40.324Z
out_1786809591657,15-08-2026,stk_75,J075,Potato (আলু),4.5,kg,,,2026-08-15T15:59:51.657Z
out_1786809659792,15-08-2026,stk_76,J076,Onion (পেঁয়াজ),7,kg,,,2026-08-15T16:00:59.792Z
out_1786809678193,15-08-2026,stk_79,J079,Capsicum,0.7,kg,,,2026-08-15T16:01:18.193Z
out_1786809695505,15-08-2026,stk_80,J080,Carrot,0.8,kg,,,2026-08-15T16:01:35.505Z
out_1786809723920,15-08-2026,stk_82,J082,Green Chilli (কাঁচা লঙ্কা),0.25,kg,,,2026-08-15T16:02:03.920Z
out_1786809741728,15-08-2026,stk_83,J083,Tomato (টমেটো),1,kg,,,2026-08-15T16:02:21.728Z
out_1786809765744,15-08-2026,stk_86,J086,Dhania Pata (Coriander),0.4,kg,,,2026-08-15T16:02:45.744Z
out_1786809819888,15-08-2026,stk_88,J088,Cucumber (শসা),1,kg,,,2026-08-15T16:03:39.888Z
out_1786810366655,15-08-2026,stk_2,J002,Palm Oil (পাম অয়েল),3,packet,,,2026-08-15T16:12:46.655Z
out_1786811931284,15-08-2026,stk_21,J021,Kabuli Chana,0.5,g,,,2026-08-15T16:38:51.285Z
