id,action,details,created_at
log_1785845755417_3f97,Cheese Block / Slice (Stock IN (+)),'+1 packet | Manual IN entry recorded for J059,2026-08-04T14:28:30.194Z
log_1785845731929_iwbm,Amul Fresh Cream (Stock IN (+)),'+5 packet | Manual IN entry recorded for J058,2026-08-04T14:28:30.194Z
log_1785845699344_18y7,Butter (Stock IN (+)),'+1 packet | Manual IN entry recorded for J057,2026-08-04T14:28:30.194Z
log_1785845685902_cy0h,Paneer (পনির) (Stock IN (+)),'+150 g | Manual IN entry recorded for J056,2026-08-04T14:28:30.194Z
log_1785845669492_qqmd,Dahi (দই / Curd) (Stock IN (+)),'+4 kg | Manual IN entry recorded for J055,2026-08-04T14:28:30.194Z
log_1785845657305_06wc,Milk (দুধ) (Stock IN (+)),'+2 packet | Manual IN entry recorded for J054,2026-08-04T14:28:30.194Z
log_1785845221844_pica,Dhania (Coriander Seeds) (Stock IN (+)),'+1500 g | Manual IN entry recorded for J051,2026-08-04T14:28:30.194Z
log_1785845191165_93ls,Regular Salt (Stock IN (+)),'+25 pcs | Manual IN entry recorded for J050,2026-08-04T14:28:30.194Z
log_1785845173524_awr6,Black Salt (Bit Nun) (Stock IN (+)),'+2 kg | Manual IN entry recorded for J049,2026-08-04T14:28:30.194Z
log_1785845127594_rpt6,Papad (Stock IN (+)),'+30 packet | Manual IN entry recorded for J046,2026-08-04T14:28:30.194Z
log_1785845084518_v5f6,Mushroom (Stock IN (+)),'+3 box | Manual IN entry recorded for J044,2026-08-04T14:28:30.194Z
log_1785845062330_gcrz,Baking Powder (Stock IN (+)),'+1 box | Manual IN entry recorded for J043,2026-08-04T14:28:30.194Z
log_1785845034211_ltmj,Pure Ghee (Stock IN (+)),'+3 box | Manual IN entry recorded for J042,2026-08-04T14:28:30.194Z
log_1785844998678_4wla,Black Pepper (Gol Morich) (Stock IN (+)),'+900 g | Manual IN entry recorded for J041,2026-08-04T14:28:30.194Z
log_1785844966954_6c0t,Shahi Jeera (Stock IN (+)),'+5 packet | Manual IN entry recorded for J040,2026-08-04T14:28:30.194Z
log_1785844940453_gf20,Rose Petals (Stock IN (+)),'+450 g | Manual IN entry recorded for J039,2026-08-04T14:28:30.194Z
log_1785844920058_7wzv,Starful (Star Anise) (Stock IN (+)),'+500 g | Manual IN entry recorded for J038,2026-08-04T14:28:30.194Z
log_1785844885876_4ani,Dalchini (Cinnamon) (Stock IN (+)),'+500 g | Manual IN entry recorded for J037,2026-08-04T14:28:30.195Z
log_1785844872279_pj32,Jaitri (Mace) (Stock IN (+)),'+450 g | Manual IN entry recorded for J036,2026-08-04T14:28:30.195Z
log_1785844795994_n03j,Long (Cloves) (Stock IN (+)),'+300 g | Manual IN entry recorded for J035,2026-08-04T14:28:30.195Z
log_1785844775201_7e6c,Elachi (Cardamom) (Stock IN (+)),'+700 g | Manual IN entry recorded for J034,2026-08-04T14:28:30.195Z
log_1785844745178_3273,Mogoz (Melon Seeds) (Stock IN (+)),'+500 g | Manual IN entry recorded for J033,2026-08-04T14:28:30.195Z
log_1785844649450_syjn,Kaju (Cashew Nuts) (Stock IN (+)),'+2000 g | Manual IN entry recorded for J032,2026-08-04T14:28:30.195Z
log_1785844583161_am7p,Dalda / Vanaspati (Stock IN (+)),'+12 packet | Manual IN entry recorded for J031,2026-08-04T14:28:30.195Z
log_1785843486631_gqi1,Posto (Poppy Seeds) (Stock IN (+)),'+10 packet | Manual IN entry recorded for J030,2026-08-04T14:28:30.195Z
log_1785843212708_9m3r,Sugar (Stock IN (+)),'+7 g | Manual IN entry recorded for J029,2026-08-04T14:28:30.195Z
log_1785842966840_f1kg,Mouri (Fennel Seeds) (Stock IN (+)),'+1000 g | Manual IN entry recorded for J028,2026-08-04T14:28:30.195Z
log_1785842919808_4rid,Green Food Color (Stock IN (+)),'+2 box | Manual IN entry recorded for J026,2026-08-04T14:28:30.195Z
log_1785842905037_0apr,Yellow Food Color (Stock IN (+)),'+2 box | Manual IN entry recorded for J025,2026-08-04T14:28:30.195Z
log_1785842872337_onpi,Red Food Color (Stock IN (+)),'+4 box | Manual IN entry recorded for J024,2026-08-04T14:28:30.195Z
log_1785842843594_98ll,Attar / Essence (Stock IN (+)),'+6 pcs | Manual IN entry recorded for J023,2026-08-04T14:28:30.195Z
log_1785842820150_o9j3,Mix Dal (Stock IN (+)),'+2000 g | Manual IN entry recorded for J022,2026-08-04T14:28:30.195Z
log_1785842804998_odjh,Kabuli Chana (Stock IN (+)),'+3000 g | Manual IN entry recorded for J021,2026-08-04T14:28:30.195Z
log_1785842787190_8c4w,Dal (Pulses) (Stock IN (+)),'+2000 g | Manual IN entry recorded for J020,2026-08-04T14:28:30.195Z
log_1785842773942_w8pe,Jeera (Cumin Seeds) (Stock IN (+)),'+3000 g | Manual IN entry recorded for J019,2026-08-04T14:28:30.195Z
log_1785842696627_h81s,Haldi (Turmeric Powder) (Stock IN (+)),'+50 packet | Manual IN entry recorded for J018,2026-08-04T14:28:30.195Z
log_1785842648371_ixb4,Chilli Powder (Stock IN (+)),'+80 packet | Manual IN entry recorded for J017,2026-08-04T14:28:30.195Z
log_1785842610506_emlb,Ajinomoto (Ajina) (Stock IN (+)),'+7 kg | Manual IN entry recorded for J016,2026-08-04T14:28:30.195Z
log_1785842596193_ugvh,Kashmiri Chilli Powder (Stock IN (+)),'+10 pcs | Manual IN entry recorded for J015,2026-08-04T14:28:30.195Z
log_1785842577417_q5c5,Chat Masala (Stock IN (+)),'+20 packet | Manual IN entry recorded for J014,2026-08-04T14:28:30.195Z
log_1785842558871_waip,Kasuri Methi (Stock IN (+)),'+120 pcs | Manual IN entry recorded for J013,2026-08-04T14:28:30.195Z
log_1785842477942_rapw,Corn Flour (Stock IN (+)),'+12 kg | Manual IN entry recorded for J012,2026-08-04T14:28:30.195Z
log_1785842444912_0i2l,Vinegar (Stock IN (+)),'+10 pcs | Manual IN entry recorded for J011,2026-08-04T14:28:30.195Z
log_1785842432455_vzaf,Soy Sauce (Stock IN (+)),'+4 pcs | Manual IN entry recorded for J010,2026-08-04T14:28:30.195Z
log_1785842397280_3565,Chili Sauce (Stock IN (+)),'+15 pcs | Manual IN entry recorded for J009,2026-08-04T14:28:30.195Z
log_1785842351464_jdce,Tomato Sauce (টমেটো sos) (Stock IN (+)),'+30 packet | Manual IN entry recorded for J008,2026-08-04T14:28:30.195Z
log_1785842340432_0tt1,Chowmein Noodle (চাউমিন) (Stock IN (+)),'+100 packet | Manual IN entry recorded for J007,2026-08-04T14:28:30.195Z
log_1785842320955_eu8c,Chowmein Noodle (চাউমিন) (Delete wrong IN),'+50 packet | Deleted wrong IN entry for SKU J007,2026-08-04T14:28:30.195Z
log_1785842301570_rsxk,Chowmein Noodle (চাউমিন) (Stock IN (+)),'+50 packet | Manual IN entry recorded for J007,2026-08-04T14:28:30.195Z
log_1785842251470_97xp,Atta (আটা) (Stock IN (+)),'+30 kg | Manual IN entry recorded for J006,2026-08-04T14:28:30.195Z
log_rep_1_1785854327201,Rice (রাইস) (Stock IN (+)),'+4 packet | Report Stock IN entry,2026-08-04T14:38:54.196Z
log_rep_2_1785854327201,Palm Oil (পাম অয়েল) (Stock IN (+)),'+150 packet | Report Stock IN entry,2026-08-04T14:38:54.196Z
log_rep_3_1785854327201,Refined Oil (রেফাইন্ড অয়েল) (Stock IN (+)),'+5 L | Report Stock IN entry,2026-08-04T14:38:54.196Z
log_rep_4_1785854327201,Mustard Oil (মাস্টার অয়েল) (Stock IN (+)),'+5 L | Report Stock IN entry,2026-08-04T14:38:54.196Z
log_rep_5_1785854327201,Maida (মাইদা) (Stock IN (+)),'+50 kg | Report Stock IN entry,2026-08-04T14:38:54.196Z
log_rep_6_1785854327201,Atta (আটা) (Stock IN (+)),'+30 kg | Report Stock IN entry,2026-08-04T14:38:54.196Z
log_rep_7_1785854327201,Chowmein Noodle (চাউমিন) (Stock IN (+)),'+100 packet | Report Stock IN entry,2026-08-04T14:38:54.196Z
log_rep_8_1785854327201,Tomato Sauce (টমেটো sos) (Stock IN (+)),'+30 packet | Report Stock IN entry,2026-08-04T14:38:54.196Z
log_rep_9_1785854327201,Chili Sauce (Stock IN (+)),'+15 pcs | Report Stock IN entry,2026-08-04T14:38:54.196Z
log_rep_10_1785854327201,Soy Sauce (Stock IN (+)),'+4 pcs | Report Stock IN entry,2026-08-04T14:38:54.196Z
log_rep_11_1785854327201,Vinegar (Stock IN (+)),'+10 pcs | Report Stock IN entry,2026-08-04T14:38:54.196Z
log_rep_12_1785854327201,Corn Flour (Stock IN (+)),'+12 kg | Report Stock IN entry,2026-08-04T14:38:54.196Z
log_rep_13_1785854327201,Kasuri Methi (Stock IN (+)),'+120 pcs | Report Stock IN entry,2026-08-04T14:38:54.196Z
log_rep_14_1785854327201,Chat Masala (Stock IN (+)),'+20 packet | Report Stock IN entry,2026-08-04T14:38:54.196Z
log_rep_15_1785854327201,Kashmiri Chilli Powder (Stock IN (+)),'+10 pcs | Report Stock IN entry,2026-08-04T14:38:54.196Z
log_rep_16_1785854327201,Ajinomoto (Ajina) (Stock IN (+)),'+7 kg | Report Stock IN entry,2026-08-04T14:38:54.196Z
log_rep_17_1785854327201,Chilli Powder (Stock IN (+)),'+80 packet | Report Stock IN entry,2026-08-04T14:38:54.196Z
log_rep_18_1785854327201,Haldi (Turmeric Powder) (Stock IN (+)),'+50 packet | Report Stock IN entry,2026-08-04T14:38:54.196Z
log_rep_19_1785854327201,Jeera (Cumin Seeds) (Stock IN (+)),'+3000 g | Report Stock IN entry,2026-08-04T14:38:54.196Z
log_rep_20_1785854327201,Dal (Pulses) (Stock IN (+)),'+2000 g | Report Stock IN entry,2026-08-04T14:38:54.196Z
log_rep_21_1785854327201,Kabuli Chana (Stock IN (+)),'+3000 g | Report Stock IN entry,2026-08-04T14:38:54.196Z
log_rep_22_1785854327201,Mix Dal (Stock IN (+)),'+2000 g | Report Stock IN entry,2026-08-04T14:38:54.196Z
log_rep_23_1785854327201,Attar / Essence (Stock IN (+)),'+6 pcs | Report Stock IN entry,2026-08-04T14:38:54.196Z
log_rep_24_1785854327201,Red Food Color (Stock IN (+)),'+4 box | Report Stock IN entry,2026-08-04T14:38:54.196Z
log_rep_25_1785854327201,Yellow Food Color (Stock IN (+)),'+2 box | Report Stock IN entry,2026-08-04T14:38:54.196Z
log_rep_26_1785854327201,Green Food Color (Stock IN (+)),'+2 box | Report Stock IN entry,2026-08-04T14:38:54.196Z
log_rep_27_1785854327201,Mouri (Fennel Seeds) (Stock IN (+)),'+1000 g | Report Stock IN entry,2026-08-04T14:38:54.196Z
log_rep_28_1785854327201,Sugar (Stock IN (+)),'+7 kg | Report Stock IN entry,2026-08-04T14:38:54.196Z
log_rep_29_1785854327201,Posto (Poppy Seeds) (Stock IN (+)),'+10 packet | Report Stock IN entry,2026-08-04T14:38:54.196Z
log_rep_30_1785854327201,Dalda / Vanaspati (Stock IN (+)),'+12 packet | Report Stock IN entry,2026-08-04T14:38:54.196Z
log_rep_31_1785854327201,Kaju (Cashew Nuts) (Stock IN (+)),'+2000 g | Report Stock IN entry,2026-08-04T14:38:54.196Z
log_rep_32_1785854327201,Mogoz (Melon Seeds) (Stock IN (+)),'+500 g | Report Stock IN entry,2026-08-04T14:38:54.196Z
log_rep_33_1785854327201,Elachi (Cardamom) (Stock IN (+)),'+700 g | Report Stock IN entry,2026-08-04T14:38:54.196Z
log_rep_34_1785854327201,Long (Cloves) (Stock IN (+)),'+300 g | Report Stock IN entry,2026-08-04T14:38:54.196Z
log_rep_35_1785854327201,Jaitri (Mace) (Stock IN (+)),'+450 g | Report Stock IN entry,2026-08-04T14:38:54.196Z
log_rep_36_1785854327201,Dalchini (Cinnamon) (Stock IN (+)),'+500 g | Report Stock IN entry,2026-08-04T14:38:54.196Z
log_rep_37_1785854327201,Starful (Star Anise) (Stock IN (+)),'+500 g | Report Stock IN entry,2026-08-04T14:38:54.196Z
log_rep_38_1785854327201,Rose Petals (Stock IN (+)),'+450 g | Report Stock IN entry,2026-08-04T14:38:54.196Z
log_rep_39_1785854327201,Shahi Jeera (Stock IN (+)),'+5 packet | Report Stock IN entry,2026-08-04T14:38:54.196Z
log_rep_40_1785854327201,Black Pepper (Gol Morich) (Stock IN (+)),'+900 g | Report Stock IN entry,2026-08-04T14:38:54.196Z
log_rep_41_1785854327201,Pure Ghee (Stock IN (+)),'+3 box | Report Stock IN entry,2026-08-04T14:38:54.196Z
log_rep_42_1785854327201,Baking Powder (Stock IN (+)),'+1 box | Report Stock IN entry,2026-08-04T14:38:54.196Z
log_rep_43_1785854327201,Mushroom (Stock IN (+)),'+3 box | Report Stock IN entry,2026-08-04T14:38:54.196Z
log_rep_44_1785854327201,Papad (Stock IN (+)),'+30 packet | Report Stock IN entry,2026-08-04T14:38:54.196Z
log_rep_45_1785854327201,Black Salt (Bit Nun) (Stock IN (+)),'+2 kg | Report Stock IN entry,2026-08-04T14:38:54.196Z
log_rep_46_1785854327201,Regular Salt (Stock IN (+)),'+25 pcs | Report Stock IN entry,2026-08-04T14:38:54.196Z
log_rep_47_1785854327201,Dhania (Coriander Seeds) (Stock IN (+)),'+1500 g | Report Stock IN entry,2026-08-04T14:38:54.196Z
log_rep_48_1785854327201,Milk (দুধ) (Stock IN (+)),'+2 packet | Report Stock IN entry,2026-08-04T14:38:54.196Z
log_rep_49_1785854327201,Dahi (দই / Curd) (Stock IN (+)),'+4 kg | Report Stock IN entry,2026-08-04T14:38:54.196Z
log_rep_50_1785854327201,Paneer (পনির) (Stock IN (+)),'+150 g | Report Stock IN entry,2026-08-04T14:38:54.196Z
log_rep_51_1785854327201,Butter (Stock IN (+)),'+1 packet | Report Stock IN entry,2026-08-04T14:38:54.196Z
log_rep_52_1785854327201,Amul Fresh Cream (Stock IN (+)),'+5 packet | Report Stock IN entry,2026-08-04T14:38:54.196Z
log_rep_53_1785854327201,Cheese Block / Slice (Stock IN (+)),'+1 packet | Report Stock IN entry,2026-08-04T14:38:54.196Z
log_1785860827605_wym9,Kissan Tomato Sauce Pouch (Stock IN (+)),'+180 pcs | Manual IN entry recorded for J047,2026-08-04T16:27:07.618Z
log_1785860841586_sxxh,Jaljeera Powder (Stock IN (+)),'+50 pcs | Manual IN entry recorded for J048,2026-08-04T16:27:21.589Z
log_1785860857242_0sl2,Egg (ডিম) (Stock IN (+)),'+7 packet | Manual IN entry recorded for J052,2026-08-04T16:27:37.245Z
log_1785861297263_lswr,Cheese Block / Slice (Delete wrong IN),'+1 packet | Deleted wrong IN entry for SKU J059,2026-08-04T16:34:57.267Z
log_1785861316346_ozjk,Cheese Block / Slice (Stock IN (+)),'+8 pcs | Manual IN entry recorded for J059,2026-08-04T16:35:16.351Z
log_1785864757555_1bl8,Palm Oil (পাম অয়েল) (Stock OUT (-)),'-23 packet | Manual OUT entry recorded for J002,2026-08-04T17:32:37.557Z
log_1785864785551_jk75,Chowmein Noodle (চাউমিন) (Stock OUT (-)),'-15 packet | Manual OUT entry recorded for J007,2026-08-04T17:33:05.553Z
log_1785864807774_vpf6,Tomato Sauce (টমেটো sos) (Stock OUT (-)),'-4 packet | Manual OUT entry recorded for J008,2026-08-04T17:33:27.775Z
log_1785864849200_aj2v,Kasuri Methi (Stock OUT (-)),'-3 pcs | Manual OUT entry recorded for J013,2026-08-04T17:34:09.202Z
log_1785864880360_d5a1,Corn Flour (Stock OUT (-)),'-1 kg | Manual OUT entry recorded for J012,2026-08-04T17:34:40.361Z
log_1785864898798_56o6,Ajinomoto (Ajina) (Stock OUT (-)),'-2 kg | Manual OUT entry recorded for J016,2026-08-04T17:34:58.801Z
log_1785864910179_z8tq,Refined Oil (রেফাইন্ড অয়েল) (Stock OUT (-)),'-1 L | Manual OUT entry recorded for J003,2026-08-04T17:35:10.181Z
log_1785864922987_v7wb,Mustard Oil (মাস্টার অয়েল) (Stock OUT (-)),'-1 L | Manual OUT entry recorded for J004,2026-08-04T17:35:22.989Z
log_1785864937341_056f,Rice (রাইস) (Stock OUT (-)),'-3 packet | Manual OUT entry recorded for J001,2026-08-04T17:35:37.343Z
log_1785864959818_be42,Jeera (Cumin Seeds) (Stock OUT (-)),'-250 g | Manual OUT entry recorded for J019,2026-08-04T17:35:59.820Z
log_1785866784751_6mgv,Attar / Essence (Stock OUT (-)),'-1 pcs | Manual OUT entry recorded for J023,2026-08-04T18:06:24.755Z
log_1785866796854_c4ja,Atta (আটা) (Stock OUT (-)),'-5 kg | Manual OUT entry recorded for J006,2026-08-04T18:06:36.856Z
log_1785866830144_z526,Pure Ghee (Stock OUT (-)),'-1 box | Manual OUT entry recorded for J042,2026-08-04T18:07:10.147Z
log_1785866843144_5gz4,Vinegar (Stock OUT (-)),'-1 pcs | Manual OUT entry recorded for J011,2026-08-04T18:07:23.146Z
log_1785867036876_swqj,Long (Cloves) (Stock OUT (-)),'-180 g | Manual OUT entry recorded for J035,2026-08-04T18:10:36.880Z
log_1785867077467_b5ym,Chili Sauce (Stock OUT (-)),'-1 pcs | Manual OUT entry recorded for J009,2026-08-04T18:11:17.471Z
log_1785867090073_1hj2,Kashmiri Chilli Powder (Stock OUT (-)),'-2 pcs | Manual OUT entry recorded for J015,2026-08-04T18:11:30.076Z
log_1785867139426_2cpn,Sugar (Stock OUT (-)),'-2300 kg | Manual OUT entry recorded for J029,2026-08-04T18:12:19.432Z
log_1785867213358_m59h,Sugar (Delete wrong IN),'+7 kg | Deleted wrong IN entry for SKU J029,2026-08-04T18:13:33.363Z
log_1785867226261_0hfj,Sugar (Stock IN (+)),'+7000 g | Manual IN entry recorded for J029,2026-08-04T18:13:46.264Z
log_1785868870915_7bxt,Potato (আলু) (Stock IN (+)),'+20 kg | Manual IN entry recorded for J075,2026-08-04T18:41:10.920Z
log_1785868903676_75fr,Onion (পেঁয়াজ) (Stock IN (+)),'+30 kg | Manual IN entry recorded for J076,2026-08-04T18:41:43.678Z
log_1785868940688_602s,Capsicum (Stock IN (+)),'+4.5 kg | Manual IN entry recorded for J079,2026-08-04T18:42:20.694Z
log_1785868961590_9tkw,Carrot (Stock IN (+)),'+3 kg | Manual IN entry recorded for J080,2026-08-04T18:42:41.593Z
log_1785868986682_8uam,Green Chilli (কাঁচা লঙ্কা) (Stock IN (+)),'+2.5 kg | Manual IN entry recorded for J082,2026-08-04T18:43:06.684Z
log_1785869012766_75t9,Tomato (টমেটো) (Stock IN (+)),'+5 kg | Manual IN entry recorded for J083,2026-08-04T18:43:32.769Z
log_1785869053425_zc65,Cabbage (বাঁধাকপি) (Stock IN (+)),'+10 kg | Manual IN entry recorded for J084,2026-08-04T18:44:13.430Z
log_1785869072068_zdt5,Lemon (লেবু) (Stock IN (+)),'+50 pcs | Manual IN entry recorded for J085,2026-08-04T18:44:32.073Z
log_1785869091358_tb2w,Dhania Pata (Coriander) (Stock IN (+)),'+9 kg | Manual IN entry recorded for J086,2026-08-04T18:44:51.361Z
log_1785869141953_oxy5,Cucumber (শসা) (Stock IN (+)),'+5 kg | Manual IN entry recorded for J088,2026-08-04T18:45:41.956Z
log_1785869180921_2ahh,Cucumber (শসা) (Stock OUT (-)),'-3.3 kg | Manual OUT entry recorded for J088,2026-08-04T18:46:20.924Z
log_1785869272602_dubz,Tomato (টমেটো) (Stock OUT (-)),'-6 kg | Manual OUT entry recorded for J083,2026-08-04T18:47:52.605Z
log_1785869327618_eyjx,Carrot (Stock OUT (-)),'-2.4 kg | Manual OUT entry recorded for J080,2026-08-04T18:48:47.621Z
log_1785869360353_fnsc,Tomato (টমেটো) (Stock IN (+)),'+1 kg | Manual IN entry recorded for J083,2026-08-04T18:49:20.357Z
log_1785869410739_7hvk,Capsicum (Stock OUT (-)),'-2.6 kg | Manual OUT entry recorded for J079,2026-08-04T18:50:10.742Z
log_1785869437894_q94b,Cabbage (বাঁধাকপি) (Stock OUT (-)),'-5.2 kg | Manual OUT entry recorded for J084,2026-08-04T18:50:37.896Z
log_1785869481457_fqbb,Green Chilli (কাঁচা লঙ্কা) (Stock OUT (-)),'-1 kg | Manual OUT entry recorded for J082,2026-08-04T18:51:21.461Z
log_1785869513761_9tat,Dhania Pata (Coriander) (Stock OUT (-)),'-1.5 kg | Manual OUT entry recorded for J086,2026-08-04T18:51:53.764Z
log_1785869542266_f2jy,Potato (আলু) (Stock OUT (-)),'-14 kg | Manual OUT entry recorded for J075,2026-08-04T18:52:22.269Z
log_1785869570673_m9x3,Onion (পেঁয়াজ) (Stock OUT (-)),'-17.5 kg | Manual OUT entry recorded for J076,2026-08-04T18:52:50.675Z
log_1785870005390_wicu,Milk (দুধ) (Stock OUT (-)),'-5 packet | Manual OUT entry recorded for J054,2026-08-04T19:00:05.392Z
log_1785870020727_m782,Milk (দুধ) (Stock IN (+)),'+3 packet | Manual IN entry recorded for J054,2026-08-04T19:00:20.729Z
log_1785870095988_5u2d,Dahi (দই / Curd) (Stock IN (+)),'+18 kg | Manual IN entry recorded for J055,2026-08-04T19:01:35.992Z
log_1785870112197_ltc9,Dahi (দই / Curd) (Delete wrong IN),'+18 kg | Deleted wrong IN entry for SKU J055,2026-08-04T19:01:52.201Z
log_1785870126652_vfnq,Dahi (দই / Curd) (Stock IN (+)),'+16 kg | Manual IN entry recorded for J055,2026-08-04T19:02:06.655Z
log_1785870140163_h3gb,Dahi (দই / Curd) (Stock OUT (-)),'-16 kg | Manual OUT entry recorded for J055,2026-08-04T19:02:20.167Z
log_1785939924823_dq46,Maida (মাইদা) (Stock OUT (-)),'-10 kg | Manual OUT entry recorded for J005,2026-08-05T14:25:24.826Z
log_1785940034959_ejee,Dry Chilli (Stock IN (+)),'+1000 g | Manual IN entry recorded for J027,2026-08-05T14:27:14.961Z
log_1785942899651_z6qv,rabar hand glove (Add Item),'+3 packet | Created new stock item with SKU J135,2026-08-05T15:14:59.661Z
log_1785942932899_2swt,1000ml Container (Stock IN (+)),'+500 pcs | Manual IN entry recorded for J104,2026-08-05T15:15:32.903Z
log_1785942956169_qzw6,750ml Silver Container (Stock IN (+)),'+500 pcs | Manual IN entry recorded for J105,2026-08-05T15:15:56.171Z
log_1785942972850_c1wt,750ml Container (Stock IN (+)),'+500 pcs | Manual IN entry recorded for J106,2026-08-05T15:16:12.853Z
log_1785942986785_sz4e,500ml Container (Stock IN (+)),'+150 pcs | Manual IN entry recorded for J107,2026-08-05T15:16:26.787Z
log_1785943012719_t7bl,16x20 Carry Bag (Stock IN (+)),'+10 packet | Manual IN entry recorded for J111,2026-08-05T15:16:52.722Z
log_1785943030001_nmev,13x16 Carry Bag (Stock IN (+)),'+10 packet | Manual IN entry recorded for J112,2026-08-05T15:17:10.003Z
log_1785943055941_6eke,Rubber Band Small (Gardar) (Stock IN (+)),'+250 kg | Manual IN entry recorded for J113,2026-08-05T15:17:35.943Z
log_1785943090314_8yti,Rubber Band Big (Gardar) (Stock IN (+)),'+250 kg | Manual IN entry recorded for J114,2026-08-05T15:18:10.317Z
log_1785943123596_jd3r,Rubber Band Big (Gardar) (Delete wrong IN),'+250 kg | Deleted wrong IN entry for SKU J114,2026-08-05T15:18:43.602Z
log_1785943127107_3n9w,Rubber Band Small (Gardar) (Delete wrong IN),'+250 kg | Deleted wrong IN entry for SKU J113,2026-08-05T15:18:47.112Z
log_1785943148535_r8ss,Rubber Band Small (Gardar) (Stock IN (+)),'+0.25 kg | Manual IN entry recorded for J113,2026-08-05T15:19:08.538Z
log_1785943160330_bng5,Rubber Band Big (Gardar) (Stock IN (+)),'+0.25 kg | Manual IN entry recorded for J114,2026-08-05T15:19:20.332Z
log_1785943176084_73eb,Cling Wrap (Clean Tape) (Stock IN (+)),'+2 pcs | Manual IN entry recorded for J115,2026-08-05T15:19:36.087Z
log_1785943195061_jnhx,7x9 SP Pouch (Stock IN (+)),'+5 packet | Manual IN entry recorded for J116,2026-08-05T15:19:55.064Z
log_1785943213661_p005,9x12 SP Pouch (Stock IN (+)),'+3 packet | Manual IN entry recorded for J117,2026-08-05T15:20:13.664Z
log_1785943226909_jaxk,6x8 SP Pouch (Stock IN (+)),'+3 pcs | Manual IN entry recorded for J118,2026-08-05T15:20:26.911Z
log_1785943246883_deqs,Silver Roll Foil (Stock IN (+)),'+1 packet | Manual IN entry recorded for J121,2026-08-05T15:20:46.887Z
log_1785943288363_a77y,plastic Hand Gloves (Stock IN (+)),'+2 packet | Manual IN entry recorded for J122,2026-08-05T15:21:28.365Z
log_1785943319399_g1p4,Chef Cap (Stock IN (+)),'+2 packet | Manual IN entry recorded for J123,2026-08-05T15:21:59.402Z
log_1785943419314_y46b,Tissue Paper (Stock IN (+)),'+30 packet | Manual IN entry recorded for J108,2026-08-05T15:23:39.317Z
log_1785943473243_yhy5,thermal copy (Stock IN (+)),'+33 pcs | Manual IN entry recorded for J00133,2026-08-05T15:24:33.245Z
log_1785944787556_b20p,Raita Pouch (Stock IN (+)),'+10 packet | Manual IN entry recorded for J109,2026-08-05T15:46:27.560Z
log_1785944822934_jxx2,Plastic Spoon (Stock IN (+)),'+2 packet | Manual IN entry recorded for J119,2026-08-05T15:47:02.937Z
log_1785945130881_5rsr,THUMSUP 1L (Add Item),'+0 pcs | Created new stock item with SKU J136,2026-08-05T15:52:10.883Z
log_1785945217893_d0s7,STRO (Add Item),'+2 packet | Created new stock item with SKU J137,2026-08-05T15:53:37.895Z
log_1785945290175_qkgt,CAMPA JEERA (Add Item),'+24 pcs | Created new stock item with SKU J138,2026-08-05T15:54:50.179Z
log_1785946977550_630s,Campa White 500ml (Stock IN (+)),'+27 pcs | Manual IN entry recorded for J062,2026-08-05T16:22:57.554Z
log_1785947013588_dtdn,Campa White 500ml (Delete wrong IN),'+27 pcs | Deleted wrong IN entry for SKU J062,2026-08-05T16:23:33.592Z
log_1785947026045_f1ga,Campa White 500ml (Stock IN (+)),'+31 pcs | Manual IN entry recorded for J062,2026-08-05T16:23:46.048Z
log_1785947095860_yjac,Campa Black 500ml (Stock IN (+)),'+27 pcs | Manual IN entry recorded for J061,2026-08-05T16:24:55.862Z
log_1785947171877_p5mz,Campa White 100ml (Stock IN (+)),'+24 pcs | Manual IN entry recorded for J060,2026-08-05T16:26:11.880Z
log_1785947215012_crgq,Sprite 500ml (Stock IN (+)),'+4 pcs | Manual IN entry recorded for J073,2026-08-05T16:26:55.015Z
log_1785947241730_zuir,Kinley Soda (Stock IN (+)),'+4 pcs | Manual IN entry recorded for J069,2026-08-05T16:27:21.734Z
log_1785947300869_im18,Bisleri Water 1L (Stock IN (+)),'+73 pcs | Manual IN entry recorded for J064,2026-08-05T16:28:20.872Z
log_1785947315264_70a4,Bisleri Water 500ml (Stock IN (+)),'+45 pcs | Manual IN entry recorded for J067,2026-08-05T16:28:35.267Z
log_1785948089347_ggvd,Vim Soap / Bar (Bhim Srap) (Stock IN (+)),'+20 pcs | Manual IN entry recorded for J124,2026-08-05T16:41:29.349Z
log_1785948170274_jost,Surf Excel Detergent (Stock IN (+)),'+3 packet | Manual IN entry recorded for J126,2026-08-05T16:42:50.276Z
log_1785948330748_f9ny,Hand Wash Liquid (Stock IN (+)),'+2 packet | Manual IN entry recorded for J127,2026-08-05T16:45:30.750Z
log_1785948591761_zxda,Phenyl (Finaile) (Stock IN (+)),'+1 packet | Manual IN entry recorded for J129,2026-08-05T16:49:51.762Z
log_1785948613538_gesz,Harpic Toilet Cleaner (Stock IN (+)),'+1 packet | Manual IN entry recorded for J128,2026-08-05T16:50:13.540Z
log_1785948630433_99hj,Vim Liquid Dishwash (Stock IN (+)),'+2 packet | Manual IN entry recorded for J125,2026-08-05T16:50:30.436Z
log_1785948738473_d94q,Capsicum (Stock IN (+)),'+6 kg | Manual IN entry recorded for J079,2026-08-05T16:52:18.475Z
log_1785948763874_mv95,Carrot (Stock IN (+)),'+5 kg | Manual IN entry recorded for J080,2026-08-05T16:52:43.877Z
log_1785948786679_vrwl,Green Chilli (কাঁচা লঙ্কা) (Stock IN (+)),'+2 kg | Manual IN entry recorded for J082,2026-08-05T16:53:06.681Z
log_1785948852865_zriz,Tomato (টমেটো) (Stock IN (+)),'+7 kg | Manual IN entry recorded for J083,2026-08-05T16:54:12.867Z
log_1785948995807_musk,Cabbage (বাঁধাকপি) (Stock IN (+)),'+10 kg | Manual IN entry recorded for J084,2026-08-05T16:56:35.809Z
log_1785949013119_95f8,Cucumber (শসা) (Stock IN (+)),'+5 kg | Manual IN entry recorded for J088,2026-08-05T16:56:53.121Z
log_1785949026952_7k13,Dry Chilli (Stock IN (+)),'+1000 g | Manual IN entry recorded for J027,2026-08-05T16:57:06.955Z
log_1785949059695_drjl,Ginger (আদা) (Stock IN (+)),'+3 kg | Manual IN entry recorded for J077,2026-08-05T16:57:39.697Z
log_1785949070582_mjgt,Garlic (রসুন) (Stock IN (+)),'+3 kg | Manual IN entry recorded for J078,2026-08-05T16:57:50.584Z
log_1785949082733_ypbl,Beans (Stock IN (+)),'+2.5 kg | Manual IN entry recorded for J081,2026-08-05T16:58:02.735Z
log_1785949096906_h6h7,Dahi (দই / Curd) (Stock IN (+)),'+4 kg | Manual IN entry recorded for J055,2026-08-05T16:58:16.909Z
log_1785949120021_cie4,Milk (দুধ) (Stock IN (+)),'+2 packet | Manual IN entry recorded for J054,2026-08-05T16:58:40.023Z
log_1785949134277_d6di,Butter (Stock IN (+)),'+5 packet | Manual IN entry recorded for J057,2026-08-05T16:58:54.280Z
log_1785949162502_bfs3,Staff Rice (Stock IN (+)),'+10 kg | Manual IN entry recorded for J053,2026-08-05T16:59:22.504Z
log_1785949182917_tpjp,Palm Oil (পাম অয়েল) (Stock OUT (-)),'-5 packet | Manual OUT entry recorded for J002,2026-08-05T16:59:42.919Z
log_1785949192445_vpqs,Kasuri Methi (Stock OUT (-)),'-1 pcs | Manual OUT entry recorded for J013,2026-08-05T16:59:52.447Z
log_1785949215631_mcib,Ajinomoto (Ajina) (Stock OUT (-)),'-0.5 kg | Manual OUT entry recorded for J016,2026-08-05T17:00:15.633Z
log_1785949307500_bd2c,Ajinomoto (Ajina) (Delete wrong OUT),'-2 kg | Deleted wrong OUT entry for SKU J016,2026-08-05T17:01:47.502Z
log_1785949312674_whm0,Ajinomoto (Ajina) (Delete wrong OUT),'-0.5 kg | Deleted wrong OUT entry for SKU J016,2026-08-05T17:01:52.676Z
log_1785949321783_ksff,Ajinomoto (Ajina) (Stock OUT (-)),'-1.5 kg | Manual OUT entry recorded for J016,2026-08-05T17:02:01.786Z
log_1785949708710_9swb,Corn Flour (Stock OUT (-)),'-1 kg | Manual OUT entry recorded for J012,2026-08-05T17:08:28.712Z
log_1785949722775_xc1l,Tomato Sauce (টমেটো sos) (Stock OUT (-)),'-1 packet | Manual OUT entry recorded for J008,2026-08-05T17:08:42.777Z
log_1785949757065_llzq,Dalchini (Cinnamon) (Stock OUT (-)),'-150 g | Manual OUT entry recorded for J037,2026-08-05T17:09:17.067Z
log_1785950846062_g2ja,Rose Petals (Stock OUT (-)),'-100 g | Manual OUT entry recorded for J039,2026-08-05T17:27:26.064Z
log_1785950881273_ew7t,Chilli Powder (Stock OUT (-)),'-3 packet | Manual OUT entry recorded for J017,2026-08-05T17:28:01.275Z
log_1785951122903_fhf8,Baking Powder (Stock OUT (-)),'-1 box | Manual OUT entry recorded for J043,2026-08-05T17:32:02.905Z
log_1785951138661_6bbg,Mustard Oil (মাস্টার অয়েল) (Stock OUT (-)),'-1 L | Manual OUT entry recorded for J004,2026-08-05T17:32:18.662Z
log_1785951157567_qm3i,Mushroom (Stock OUT (-)),'-1 box | Manual OUT entry recorded for J044,2026-08-05T17:32:37.569Z
log_1785951205072_5j8b,Maida (মাইদা) (Stock OUT (-)),'-3.5 kg | Manual OUT entry recorded for J005,2026-08-05T17:33:25.074Z
log_1785951353144_8uzq,Maida (মাইদা) (Delete wrong OUT),'-3.5 kg | Deleted wrong OUT entry for SKU J005,2026-08-05T17:35:53.147Z
log_1785951385961_nr3q,Tomato (টমেটো) (Stock OUT (-)),'-0.7 kg | Manual OUT entry recorded for J083,2026-08-05T17:36:25.963Z
log_1785951420666_gk9y,Capsicum (Stock OUT (-)),'-0.5 kg | Manual OUT entry recorded for J079,2026-08-05T17:37:00.669Z
log_1785951461181_i9b4,Carrot (Stock OUT (-)),'-0.5 kg | Manual OUT entry recorded for J080,2026-08-05T17:37:41.183Z
log_1785951493746_ddkt,Cabbage (বাঁধাকপি) (Stock OUT (-)),'-0.12 kg | Manual OUT entry recorded for J084,2026-08-05T17:38:13.748Z
log_1785951524672_pff2,Cucumber (শসা) (Stock OUT (-)),'-0.5 kg | Manual OUT entry recorded for J088,2026-08-05T17:38:44.675Z
log_1785951542895_8k5u,Dhania Pata (Coriander) (Stock OUT (-)),'-0.2 kg | Manual OUT entry recorded for J086,2026-08-05T17:39:02.897Z
log_1785951562998_3sya,Potato (আলু) (Stock OUT (-)),'-2.5 kg | Manual OUT entry recorded for J075,2026-08-05T17:39:23.000Z
log_1785951601369_jo3r,Onion (পেঁয়াজ) (Stock OUT (-)),'-3.5 kg | Manual OUT entry recorded for J076,2026-08-05T17:40:01.371Z
log_1785951623537_af1k,Green Chilli (কাঁচা লঙ্কা) (Stock OUT (-)),'-0.2 kg | Manual OUT entry recorded for J082,2026-08-05T17:40:23.539Z
log_1785951664680_vd2w,Beans (Stock OUT (-)),'-0.5 kg | Manual OUT entry recorded for J081,2026-08-05T17:41:04.682Z
log_1785951719271_09ob,Dahi (দই / Curd) (Stock OUT (-)),'-1 kg | Manual OUT entry recorded for J055,2026-08-05T17:41:59.274Z
log_1785951735791_iihc,Milk (দুধ) (Stock OUT (-)),'-2 packet | Manual OUT entry recorded for J054,2026-08-05T17:42:15.793Z
log_1785951776128_psba,Butter (Stock OUT (-)),'-1 packet | Manual OUT entry recorded for J057,2026-08-05T17:42:56.130Z
log_1785951795710_ja75,13x16 Carry Bag (Stock OUT (-)),'-1 packet | Manual OUT entry recorded for J112,2026-08-05T17:43:15.713Z
log_1785951863813_j3kc,Bisleri Water 1L (Stock OUT (-)),'-7 pcs | Manual OUT entry recorded for J064,2026-08-05T17:44:23.817Z
log_1785951877053_5irs,Bisleri Water 500ml (Stock OUT (-)),'-4 pcs | Manual OUT entry recorded for J067,2026-08-05T17:44:37.055Z
log_1785951895800_qbun,Campa White 100ml (Stock OUT (-)),'-1 pcs | Manual OUT entry recorded for J060,2026-08-05T17:44:55.803Z
log_1785951916604_uxvf,Campa White 500ml (Stock OUT (-)),'-4 pcs | Manual OUT entry recorded for J062,2026-08-05T17:45:16.607Z
log_1785951955200_bgcb,Campa White 500ml (Delete wrong OUT),'-4 pcs | Deleted wrong OUT entry for SKU J062,2026-08-05T17:45:55.205Z
log_1785951966199_m9rp,Campa Black 500ml (Stock OUT (-)),'-4 pcs | Manual OUT entry recorded for J061,2026-08-05T17:46:06.201Z
log_1786022643398_pe9j,Palm Oil (পাম অয়েল) (Stock OUT (-)),'-5 packet | Manual OUT entry recorded for J002,2026-08-06T13:24:03.401Z
log_1786022652639_qrow,Chowmein Noodle (চাউমিন) (Stock OUT (-)),'-2 packet | Manual OUT entry recorded for J007,2026-08-06T13:24:12.640Z
log_1786022670844_1mu0,Chilli Powder (Stock OUT (-)),'-3 packet | Manual OUT entry recorded for J017,2026-08-06T13:24:30.848Z
log_1786022689203_0exh,Haldi (Turmeric Powder) (Stock OUT (-)),'-4 packet | Manual OUT entry recorded for J018,2026-08-06T13:24:49.206Z
log_1786022724488_z83n,Chat Masala (Stock OUT (-)),'-1 packet | Manual OUT entry recorded for J014,2026-08-06T13:25:24.490Z
log_1786022893095_mhgc,Refined Oil (রেফাইন্ড অয়েল) (Stock OUT (-)),'-1 L | Manual OUT entry recorded for J003,2026-08-06T13:28:13.100Z
log_1786022904965_cvgk,Vinegar (Stock OUT (-)),'-1 pcs | Manual OUT entry recorded for J011,2026-08-06T13:28:24.968Z
log_1786022927164_2kx4,Tomato (টমেটো) (Stock OUT (-)),'-0.4 kg | Manual OUT entry recorded for J083,2026-08-06T13:28:47.169Z
log_1786022946146_xo7c,Capsicum (Stock OUT (-)),'-0.7 kg | Manual OUT entry recorded for J079,2026-08-06T13:29:06.148Z
log_1786022961564_5yvc,Carrot (Stock OUT (-)),'-0.5 kg | Manual OUT entry recorded for J080,2026-08-06T13:29:21.568Z
log_1786023011130_mdl4,Cabbage (বাঁধাকপি) (Stock OUT (-)),'-1.1 kg | Manual OUT entry recorded for J084,2026-08-06T13:30:11.133Z
log_1786023057497_a0r3,Green Chilli (কাঁচা লঙ্কা) (Stock OUT (-)),'-0.25 kg | Manual OUT entry recorded for J082,2026-08-06T13:30:57.503Z
log_1786023179377_bxj5,Potato (আলু) (Stock OUT (-)),'-3.5 kg | Manual OUT entry recorded for J075,2026-08-06T13:32:59.380Z
log_1786023197932_v56q,Onion (পেঁয়াজ) (Stock OUT (-)),'-4.5 kg | Manual OUT entry recorded for J076,2026-08-06T13:33:17.934Z
log_1786023225111_wiij,Ginger (আদা) (Stock OUT (-)),'-3 kg | Manual OUT entry recorded for J077,2026-08-06T13:33:45.113Z
log_1786023248604_c2tm,Garlic (রসুন) (Stock OUT (-)),'-2.2 kg | Manual OUT entry recorded for J078,2026-08-06T13:34:08.607Z
log_1786023296388_98as,Potato (আলু) (Stock IN (+)),'+10 kg | Manual IN entry recorded for J075,2026-08-06T13:34:56.391Z
log_1786023315112_cbw9,Onion (পেঁয়াজ) (Stock IN (+)),'+17 kg | Manual IN entry recorded for J076,2026-08-06T13:35:15.114Z
log_1786023338367_2epw,Paneer (পনির) (Stock IN (+)),'+250 g | Manual IN entry recorded for J056,2026-08-06T13:35:38.370Z
log_1786023349415_7o0e,Milk (দুধ) (Stock IN (+)),'+2 packet | Manual IN entry recorded for J054,2026-08-06T13:35:49.417Z
log_1786023485756_q3vo,Milk (দুধ) (Stock OUT (-)),'-1 packet | Manual OUT entry recorded for J054,2026-08-06T13:38:05.760Z
log_1786023554321_hwvz,Milk (দুধ) (Stock IN (+)),'+1 packet | Manual IN entry recorded for J054,2026-08-06T13:39:14.323Z
log_1786023735147_lexw,Dahi (দই / Curd) (Delete wrong IN),'+18 kg | Deleted wrong IN entry for SKU J055,2026-08-06T13:42:15.157Z
log_1786023742537_cxgi,Dahi (দই / Curd) (Delete wrong IN),'+16 kg | Deleted wrong IN entry for SKU J055,2026-08-06T13:42:22.541Z
log_1786023881011_2yso,Dahi (দই / Curd) (Delete wrong OUT),'-16 kg | Deleted wrong OUT entry for SKU J055,2026-08-06T13:44:41.015Z
log_1786023929173_csdj,Dahi (দই / Curd) (Delete wrong IN),'+4 kg | Deleted wrong IN entry for SKU J055,2026-08-06T13:45:29.175Z
log_1786023996037_cizn,Dahi (দই / Curd) (Stock OUT (-)),'-4 kg | Manual OUT entry recorded for J055,2026-08-06T13:46:36.039Z
log_1786024009516_7a1s,Dahi (দই / Curd) (Stock IN (+)),'+1 kg | Manual IN entry recorded for J055,2026-08-06T13:46:49.518Z
log_1786024019739_tyvp,Dahi (দই / Curd) (Delete wrong IN),'+1 kg | Deleted wrong IN entry for SKU J055,2026-08-06T13:46:59.743Z
log_1786024035499_zzl1,Dahi (দই / Curd) (Stock IN (+)),'+2 kg | Manual IN entry recorded for J055,2026-08-06T13:47:15.502Z
log_1786029361253_gd4u,Tissue Paper (Stock OUT (-)),'-1 packet | Manual OUT entry recorded for J108,2026-08-06T15:16:01.256Z
log_1786029411089_pzx1,1000ml Container (Stock OUT (-)),'-50 pcs | Manual OUT entry recorded for J104,2026-08-06T15:16:51.092Z
log_1786030897937_wc1c,Dhania Pata (Coriander) (Stock OUT (-)),'-330 kg | Manual OUT entry recorded for J086,2026-08-06T15:41:37.941Z
log_1786032423767_mhzx,Dhania Pata (Coriander) (Stock OUT (-)),'-0.33 kg | Manual OUT entry recorded for J086,2026-08-06T16:07:03.770Z
log_1786032469170_v87n,Onion (পেঁয়াজ) (Stock OUT (-)),'-19.5 kg | Manual OUT entry recorded for J076,2026-08-06T16:07:49.174Z
log_1786033809644_k5fu,Onion (পেঁয়াজ) (Stock IN (+)),'+5 kg | Manual IN entry recorded for J076,2026-08-06T16:30:09.648Z
log_1786033864902_qtsf,Dhania Pata (Coriander) (Delete wrong OUT),'-330 kg | Deleted wrong OUT entry for SKU J086,2026-08-06T16:31:04.908Z
log_1786036757122_2z5p,Campa Black 500ml (Stock OUT (-)),'-5 pcs | Manual OUT entry recorded for J061,2026-08-06T17:19:17.125Z
log_1786036789226_ynll,Kinley Water 1L (Stock OUT (-)),'-12 pcs | Manual OUT entry recorded for J063,2026-08-06T17:19:49.229Z
log_1786036830993_ubuf,Sprite 1L (Stock OUT (-)),'-2 pcs | Manual OUT entry recorded for J074,2026-08-06T17:20:30.995Z
log_1786036837809_wgx1,Sprite 1L (Delete wrong OUT),'-2 pcs | Deleted wrong OUT entry for SKU J074,2026-08-06T17:20:37.811Z
log_1786036890634_4s81,Rs 10 Cone (Stock OUT (-)),'-4 pcs | Manual OUT entry recorded for J090,2026-08-06T17:21:30.636Z
log_1786036953610_f09l,Rs 30 Cone (Stock OUT (-)),'-1 pcs | Manual OUT entry recorded for J095,2026-08-06T17:22:33.611Z
log_1786037778897_ffxv,Rs 20 Stick (Stock OUT (-)),'-6 pcs | Manual OUT entry recorded for J093,2026-08-06T17:36:18.900Z
log_1786084917809_e5go,Dhania Pata (Coriander) (Delete wrong OUT),'-330 kg | Deleted wrong OUT entry for SKU J086,2026-08-07T06:41:57.814Z
log_1786085203535_a42q,Kinley Water 1L (Delete wrong OUT),'-12 pcs | Deleted wrong OUT entry for SKU J063,2026-08-07T06:46:43.548Z
log_1786085223321_6o12,Bisleri Water 1L (Stock OUT (-)),'-12 pcs | Manual OUT entry recorded for J064,2026-08-07T06:47:03.325Z
log_1786106457643_3qg9,Chilli Powder (Stock OUT (-)),'-4 packet | Manual OUT entry recorded for J017,2026-08-07T12:40:57.645Z
log_1786106493444_e5v4,Palm Oil (পাম অয়েল) (Stock OUT (-)),'-5 packet | Manual OUT entry recorded for J002,2026-08-07T12:41:33.446Z
log_1786106537876_1zir,Maida (মাইদা) (Stock OUT (-)),'-1 kg | Manual OUT entry recorded for J005,2026-08-07T12:42:17.879Z
log_1786106557755_wyfb,Maida (মাইদা) (Delete wrong OUT),'-1 kg | Deleted wrong OUT entry for SKU J005,2026-08-07T12:42:37.758Z
log_1786106578620_f69x,Kasuri Methi (Stock OUT (-)),'-1 pcs | Manual OUT entry recorded for J013,2026-08-07T12:42:58.622Z
log_1786106621004_3g0c,Red Food Color (Stock OUT (-)),'-1 box | Manual OUT entry recorded for J024,2026-08-07T12:43:41.006Z
log_1786106661836_f45z,Posto (Poppy Seeds) (Stock OUT (-)),'-2 packet | Manual OUT entry recorded for J030,2026-08-07T12:44:21.839Z
log_1786106684643_pm19,Dalda / Vanaspati (Stock OUT (-)),'-2 packet | Manual OUT entry recorded for J031,2026-08-07T12:44:44.645Z
log_1786106716875_79up,Mogoz (Melon Seeds) (Stock OUT (-)),'-100 g | Manual OUT entry recorded for J033,2026-08-07T12:45:16.877Z
log_1786106775819_btkd,Dhania (Coriander Seeds) (Stock OUT (-)),'-200 g | Manual OUT entry recorded for J051,2026-08-07T12:46:15.821Z
log_1786106803235_ex49,Egg (ডিম) (Stock OUT (-)),'-4 packet | Manual OUT entry recorded for J052,2026-08-07T12:46:43.238Z
log_1786106840450_x2ww,Milk (দুধ) (Stock OUT (-)),'-1 packet | Manual OUT entry recorded for J054,2026-08-07T12:47:20.452Z
log_1786106867613_rimr,Kinley Water 1L (Stock OUT (-)),'-3 pcs | Manual OUT entry recorded for J063,2026-08-07T12:47:47.615Z
log_1786106898980_9qn5,Butter (Stock OUT (-)),'-1 packet | Manual OUT entry recorded for J057,2026-08-07T12:48:18.983Z
log_1786106936372_e5fq,Potato (আলু) (Stock OUT (-)),'-2.8 kg | Manual OUT entry recorded for J075,2026-08-07T12:48:56.374Z
log_1786106988339_vvxf,Onion (পেঁয়াজ) (Stock OUT (-)),'-4.2 kg | Manual OUT entry recorded for J076,2026-08-07T12:49:48.342Z
log_1786107035699_q86d,Capsicum (Stock OUT (-)),'-0.5 kg | Manual OUT entry recorded for J079,2026-08-07T12:50:35.702Z
log_1786107105508_lesv,Carrot (Stock OUT (-)),'-0.5 kg | Manual OUT entry recorded for J080,2026-08-07T12:51:45.512Z
log_1786107145947_73c6,Green Chilli (কাঁচা লঙ্কা) (Stock OUT (-)),'-0.25 kg | Manual OUT entry recorded for J082,2026-08-07T12:52:25.950Z
log_1786107195811_ghck,Tomato (টমেটো) (Stock OUT (-)),'-3.6 kg | Manual OUT entry recorded for J083,2026-08-07T12:53:15.814Z
log_1786107236147_v96o,Cabbage (বাঁধাকপি) (Stock OUT (-)),'-1.1 kg | Manual OUT entry recorded for J084,2026-08-07T12:53:56.149Z
log_1786107286651_ml6e,Dhania Pata (Coriander) (Stock OUT (-)),'-0.3 kg | Manual OUT entry recorded for J086,2026-08-07T12:54:46.653Z
log_1786107340259_n2my,Cucumber (শসা) (Stock OUT (-)),'-0.6 kg | Manual OUT entry recorded for J088,2026-08-07T12:55:40.261Z
log_1786107452482_pwiv,13x16 Carry Bag (Stock OUT (-)),'-1 packet | Manual OUT entry recorded for J112,2026-08-07T12:57:32.487Z
log_1786107520283_jfml,Tissue Paper (Stock OUT (-)),'-2 packet | Manual OUT entry recorded for J108,2026-08-07T12:58:40.286Z
log_1786107586971_sx1n,Vim Soap / Bar (Bhim Srap) (Stock OUT (-)),'-2 pcs | Manual OUT entry recorded for J124,2026-08-07T12:59:46.974Z
log_1786107725443_6838,Egg (ডিম) (Stock IN (+)),'+4 packet | Manual IN entry recorded for J052,2026-08-07T13:02:05.446Z
log_1786107771299_p8as,Onion (পেঁয়াজ) (Delete wrong OUT),'-4.2 kg | Deleted wrong OUT entry for SKU J076,2026-08-07T13:02:51.302Z
log_1786107817396_ivln,Onion (পেঁয়াজ) (Stock OUT (-)),'-9 kg | Manual OUT entry recorded for J076,2026-08-07T13:03:37.398Z
log_1786111021825_dobt,750ml Container (Stock OUT (-)),'-50 pcs | Manual OUT entry recorded for J106,2026-08-07T13:57:01.829Z
log_1786114400173_83xs,Palm Oil (পাম অয়েল) (Stock OUT (-)),'-3 packet | Manual OUT entry recorded for J002,2026-08-07T14:53:20.178Z
log_1786114434507_wm1f,Palm Oil (পাম অয়েল) (Delete wrong OUT),'-5 packet | Deleted wrong OUT entry for SKU J002,2026-08-07T14:53:54.510Z
log_1786114442674_egdh,Palm Oil (পাম অয়েল) (Delete wrong OUT),'-3 packet | Deleted wrong OUT entry for SKU J002,2026-08-07T14:54:02.679Z
log_1786114464177_x3dr,Palm Oil (পাম অয়েল) (Stock OUT (-)),'-8 packet | Manual OUT entry recorded for J002,2026-08-07T14:54:24.181Z
log_1786114507665_50ib,Papad (Stock OUT (-)),'-4 packet | Manual OUT entry recorded for J046,2026-08-07T14:55:07.668Z
log_1786114701436_dxn8,Chat Masala (Stock OUT (-)),'-3 packet | Manual OUT entry recorded for J014,2026-08-07T14:58:21.438Z
log_1786114713856_64nd,Palm Oil (পাম অয়েল) (Delete wrong OUT),'-3 packet | Deleted wrong OUT entry for SKU J002,2026-08-07T14:58:33.859Z
log_1786114750305_fxfq,Kinley Water 1L (Delete wrong OUT),'-3 pcs | Deleted wrong OUT entry for SKU J063,2026-08-07T14:59:10.308Z
log_1786114773209_fw0a,Maida (মাইদা) (Delete wrong OUT),'-1 kg | Deleted wrong OUT entry for SKU J005,2026-08-07T14:59:33.213Z
log_1786114783930_87g6,Palm Oil (পাম অয়েল) (Delete wrong OUT),'-5 packet | Deleted wrong OUT entry for SKU J002,2026-08-07T14:59:43.933Z
log_1786119805504_63e8,Local Mineral Water 500ml (Stock OUT (-)),'-6 pcs | Manual OUT entry recorded for J068,2026-08-07T16:23:25.508Z
log_1786119833707_tp57,Onion (পেঁয়াজ) (Delete wrong OUT),'-9 kg | Deleted wrong OUT entry for SKU J076,2026-08-07T16:23:53.709Z
log_1786122597741_fcnn,Local Mineral Water 500ml (Delete wrong OUT),'-6 pcs | Deleted wrong OUT entry for SKU J068,2026-08-07T17:09:57.743Z
log_1786122609069_44le,Kinley Water 1L (Delete wrong OUT),'-12 pcs | Deleted wrong OUT entry for SKU J063,2026-08-07T17:10:09.072Z
log_1786122611476_h5tk,Palm Oil (পাম অয়েল) (Delete wrong OUT),'-3 packet | Deleted wrong OUT entry for SKU J002,2026-08-07T17:10:11.480Z
log_1786122662985_i2g7,Kinley Water 1L (Delete wrong OUT),'-3 pcs | Deleted wrong OUT entry for SKU J063,2026-08-07T17:11:02.989Z
log_1786122681761_eyhp,Bisleri Water 1L (Stock OUT (-)),'-7 pcs | Manual OUT entry recorded for J064,2026-08-07T17:11:21.766Z
log_1786122696030_ihw5,Local Mineral Water 500ml (Delete wrong OUT),'-6 pcs | Deleted wrong OUT entry for SKU J068,2026-08-07T17:11:36.045Z
log_1786122711741_ijak,Bisleri Water 500ml (Stock OUT (-)),'-6 pcs | Manual OUT entry recorded for J067,2026-08-07T17:11:51.744Z
log_1786122729092_sut0,Milk (দুধ) (Stock OUT (-)),'-1 packet | Manual OUT entry recorded for J054,2026-08-07T17:12:09.097Z
log_1786122767003_xu7y,Onion (পেঁয়াজ) (Delete wrong OUT),'-9 kg | Deleted wrong OUT entry for SKU J076,2026-08-07T17:12:47.011Z
log_1786122777693_1dpg,Onion (পেঁয়াজ) (Stock OUT (-)),'-6.5 kg | Manual OUT entry recorded for J076,2026-08-07T17:12:57.696Z
log_1786122821218_6kt7,Onion (পেঁয়াজ) (Delete wrong OUT),'-4.2 kg | Deleted wrong OUT entry for SKU J076,2026-08-07T17:13:41.222Z
log_1786124683126_57yu,Onion (পেঁয়াজ) (Stock OUT (-)),'-0.5 kg | Manual OUT entry recorded for J076,2026-08-07T17:44:43.130Z
log_1786124696631_yh26,Dhania Pata (Coriander) (Stock OUT (-)),'-0.55 kg | Manual OUT entry recorded for J086,2026-08-07T17:44:56.634Z
log_1786124883697_boha,Egg (ডিম) (Stock OUT (-)),'-7 packet | Manual OUT entry recorded for J052,2026-08-07T17:48:03.701Z
log_1786125757595_9kzb,Bisleri Water 1L (Stock OUT (-)),'-3 pcs | Manual OUT entry recorded for J064,2026-08-07T18:02:37.598Z
log_1786125815066_oyco,Campa Black 500ml (Stock OUT (-)),'-6 pcs | Manual OUT entry recorded for J061,2026-08-07T18:03:35.068Z
log_1786125836133_sadc,Campa White 500ml (Stock OUT (-)),'-3 pcs | Manual OUT entry recorded for J062,2026-08-07T18:03:56.135Z
log_1786125864126_qv97,CAMPA JEERA (Stock OUT (-)),'-2 pcs | Manual OUT entry recorded for J138,2026-08-07T18:04:24.128Z
log_1786197216916_uzut,Rice (রাইস) (Stock OUT (-)),'-1 packet | Manual OUT entry recorded for J001,2026-08-08T13:53:36.919Z
log_1786197412784_dgjg,Palm Oil (পাম অয়েল) (Stock OUT (-)),'-5 packet | Manual OUT entry recorded for J002,2026-08-08T13:56:52.786Z
log_1786197440426_xhtz,Refined Oil (রেফাইন্ড অয়েল) (Stock OUT (-)),'-1 L | Manual OUT entry recorded for J003,2026-08-08T13:57:20.429Z
log_1786197505334_qc4t,Atta (আটা) (Stock OUT (-)),'-5 kg | Manual OUT entry recorded for J006,2026-08-08T13:58:25.336Z
log_1786197539293_qkwj,Chowmein Noodle (চাউমিন) (Stock OUT (-)),'-5 packet | Manual OUT entry recorded for J007,2026-08-08T13:58:59.296Z
log_1786197644633_6vji,Tomato Sauce (টমেটো sos) (Stock OUT (-)),'-1 packet | Manual OUT entry recorded for J008,2026-08-08T14:00:44.636Z
log_1786197661319_9yif,Chili Sauce (Stock OUT (-)),'-1 pcs | Manual OUT entry recorded for J009,2026-08-08T14:01:01.323Z
log_1786197678746_849i,Vinegar (Stock OUT (-)),'-1 pcs | Manual OUT entry recorded for J011,2026-08-08T14:01:18.748Z
log_1786198083496_jlcv,Kasuri Methi (Stock OUT (-)),'-1 pcs | Manual OUT entry recorded for J013,2026-08-08T14:08:03.499Z
log_1786198115507_h1xb,Milk (দুধ) (Stock IN (+)),'+2 packet | Manual IN entry recorded for J054,2026-08-08T14:08:35.511Z
log_1786198132448_v5he,Dahi (দই / Curd) (Stock IN (+)),'+3 kg | Manual IN entry recorded for J055,2026-08-08T14:08:52.451Z
log_1786198191952_z7b6,Onion (পেঁয়াজ) (Stock IN (+)),'+3 kg | Manual IN entry recorded for J076,2026-08-08T14:09:51.955Z
log_1786198277440_xhxe,Potato (আলু) (Stock OUT (-)),'-4.5 kg | Manual OUT entry recorded for J075,2026-08-08T14:11:17.443Z
log_1786198362088_vqgn,Onion (পেঁয়াজ) (Stock OUT (-)),'-4 kg | Manual OUT entry recorded for J076,2026-08-08T14:12:42.091Z
log_1786198404959_q70m,Capsicum (Stock OUT (-)),'-0.8 kg | Manual OUT entry recorded for J079,2026-08-08T14:13:24.962Z
log_1786198441919_vf9z,Carrot (Stock OUT (-)),'-0.55 kg | Manual OUT entry recorded for J080,2026-08-08T14:14:01.921Z
log_1786198473753_23wz,Beans (Stock OUT (-)),'-0.5 kg | Manual OUT entry recorded for J081,2026-08-08T14:14:33.756Z
log_1786198557758_rjc6,Green Chilli (কাঁচা লঙ্কা) (Stock OUT (-)),'-0.25 kg | Manual OUT entry recorded for J082,2026-08-08T14:15:57.761Z
log_1786198586555_id4v,Tomato (টমেটো) (Stock OUT (-)),'-0.8 kg | Manual OUT entry recorded for J083,2026-08-08T14:16:26.558Z
log_1786198774497_h3jl,Cabbage (বাঁধাকপি) (Stock OUT (-)),'-1.5 kg | Manual OUT entry recorded for J084,2026-08-08T14:19:34.499Z
log_1786198807098_38wl,Cucumber (শসা) (Stock OUT (-)),'-0.5 kg | Manual OUT entry recorded for J088,2026-08-08T14:20:07.100Z
log_1786199383759_srix,Dahi (দই / Curd) (Stock OUT (-)),'-4 kg | Manual OUT entry recorded for J055,2026-08-08T14:29:43.762Z
log_1786201641049_uuvf,13x16 Carry Bag (Stock OUT (-)),'-1 packet | Manual OUT entry recorded for J112,2026-08-08T15:07:21.052Z
log_1786205173247_expy,Milk (দুধ) (Stock OUT (-)),'-1 packet | Manual OUT entry recorded for J054,2026-08-08T16:06:13.250Z
log_1786205191110_ylt4,Butter (Stock OUT (-)),'-1 packet | Manual OUT entry recorded for J057,2026-08-08T16:06:31.112Z
log_1786205364590_tki5,Amul Fresh Cream (Stock OUT (-)),'-0.4 packet | Manual OUT entry recorded for J058,2026-08-08T16:09:24.593Z
log_1786205441543_bp4a,Amul Fresh Cream (Delete wrong OUT),'-0.4 packet | Deleted wrong OUT entry for SKU J058,2026-08-08T16:10:41.546Z
log_1786205468072_hezf,Amul Fresh Cream (Stock OUT (-)),'-400 packet | Manual OUT entry recorded for J058,2026-08-08T16:11:08.074Z
log_1786205504471_s340,Amul Fresh Cream (Delete wrong OUT),'-400 packet | Deleted wrong OUT entry for SKU J058,2026-08-08T16:11:44.473Z
log_1786207721922_o1sn,Tissue Paper (Stock OUT (-)),'-2 packet | Manual OUT entry recorded for J108,2026-08-08T16:48:41.925Z
log_1786207760259_xcx0,Bisleri Water 1L (Stock OUT (-)),'-7 pcs | Manual OUT entry recorded for J064,2026-08-08T16:49:20.261Z
log_1786207781198_va1v,Campa Black 500ml (Stock OUT (-)),'-4 pcs | Manual OUT entry recorded for J061,2026-08-08T16:49:41.200Z
log_1786207791013_1tzt,Campa Black 500ml (Delete wrong OUT),'-4 pcs | Deleted wrong OUT entry for SKU J061,2026-08-08T16:49:51.015Z
log_1786207817934_eq2c,Campa White 500ml (Stock OUT (-)),'-4 pcs | Manual OUT entry recorded for J062,2026-08-08T16:50:17.936Z
log_1786290421949_ch2t,Palm Oil (পাম অয়েল) (Stock OUT (-)),'-3 packet | Manual OUT entry recorded for J002,2026-08-09T15:47:01.952Z
log_1786290442425_owul,Chowmein Noodle (চাউমিন) (Stock OUT (-)),'-4 packet | Manual OUT entry recorded for J007,2026-08-09T15:47:22.427Z
log_1786290467407_jtwf,Tomato Sauce (টমেটো sos) (Stock OUT (-)),'-1 packet | Manual OUT entry recorded for J008,2026-08-09T15:47:47.409Z
log_1786290484085_jyzw,Corn Flour (Stock OUT (-)),'-1 kg | Manual OUT entry recorded for J012,2026-08-09T15:48:04.088Z
log_1786290505449_2xqv,Chat Masala (Stock OUT (-)),'-1 packet | Manual OUT entry recorded for J014,2026-08-09T15:48:25.452Z
log_1786290530307_5lsl,Kashmiri Chilli Powder (Stock OUT (-)),'-2 pcs | Manual OUT entry recorded for J015,2026-08-09T15:48:50.309Z
log_1786290573947_0uhe,Jeera (Cumin Seeds) (Stock OUT (-)),'-0.3 g | Manual OUT entry recorded for J019,2026-08-09T15:49:33.950Z
log_1786290622165_3yhg,Attar / Essence (Stock OUT (-)),'-1 pcs | Manual OUT entry recorded for J023,2026-08-09T15:50:22.167Z
log_1786290675267_2v3g,Dry Chilli (Stock OUT (-)),'-0.2 g | Manual OUT entry recorded for J027,2026-08-09T15:51:15.269Z
log_1786290755693_xouk,Black Pepper (Gol Morich) (Stock OUT (-)),'-0.15 g | Manual OUT entry recorded for J041,2026-08-09T15:52:35.695Z
log_1786290808486_kkcd,Pure Ghee (Stock OUT (-)),'-1 box | Manual OUT entry recorded for J042,2026-08-09T15:53:28.489Z
log_1786290885520_z3bd,Ajinomoto (Ajina) (Stock OUT (-)),'-1 kg | Manual OUT entry recorded for J016,2026-08-09T15:54:45.523Z
log_1786290957474_pq1r,Milk (দুধ) (Stock OUT (-)),'-1 packet | Manual OUT entry recorded for J054,2026-08-09T15:55:57.477Z
log_1786290974912_39l6,Dahi (দই / Curd) (Stock OUT (-)),'-2 kg | Manual OUT entry recorded for J055,2026-08-09T15:56:14.914Z
log_1786291004316_tbkc,Paneer (পনির) (Stock OUT (-)),'-0.25 g | Manual OUT entry recorded for J056,2026-08-09T15:56:44.318Z
log_1786291039660_75k4,Butter (Stock OUT (-)),'-1 packet | Manual OUT entry recorded for J057,2026-08-09T15:57:19.663Z
log_1786291076578_d7pv,Potato (আলু) (Stock OUT (-)),'-2 kg | Manual OUT entry recorded for J075,2026-08-09T15:57:56.579Z
log_1786291254080_nvzd,Onion (পেঁয়াজ) (Stock OUT (-)),'-3300 kg | Manual OUT entry recorded for J076,2026-08-09T16:00:54.082Z
log_1786291388812_gw9r,Capsicum (Stock OUT (-)),'-0.7 kg | Manual OUT entry recorded for J079,2026-08-09T16:03:08.814Z
log_1786291434672_y5hy,Carrot (Stock OUT (-)),'-0.7 kg | Manual OUT entry recorded for J080,2026-08-09T16:03:54.674Z
log_1786291461353_g669,Green Chilli (কাঁচা লঙ্কা) (Stock OUT (-)),'-0.35 kg | Manual OUT entry recorded for J082,2026-08-09T16:04:21.355Z
log_1786291535810_ww87,Tomato (টমেটো) (Stock OUT (-)),'-0.85 kg | Manual OUT entry recorded for J083,2026-08-09T16:05:35.812Z
log_1786291596256_2pvq,Cabbage (বাঁধাকপি) (Stock OUT (-)),'-1.5 kg | Manual OUT entry recorded for J084,2026-08-09T16:06:36.258Z
log_1786291606012_v7i3,Onion (পেঁয়াজ) (Delete wrong OUT),'-3300 kg | Deleted wrong OUT entry for SKU J076,2026-08-09T16:06:46.014Z
log_1786291623881_eqid,Onion (পেঁয়াজ) (Stock OUT (-)),'-3.3 kg | Manual OUT entry recorded for J076,2026-08-09T16:07:03.883Z
log_1786291655115_gmda,Dhania Pata (Coriander) (Stock OUT (-)),'-0.5 kg | Manual OUT entry recorded for J086,2026-08-09T16:07:35.118Z
log_1786291677495_khvj,Cucumber (শসা) (Stock OUT (-)),'-0.5 kg | Manual OUT entry recorded for J088,2026-08-09T16:07:57.498Z
log_1786291702673_4x40,9x12 SP Pouch (Stock OUT (-)),'-1 packet | Manual OUT entry recorded for J117,2026-08-09T16:08:22.676Z
log_1786291738887_vuob,1000ml Container (Stock OUT (-)),'-50 pcs | Manual OUT entry recorded for J104,2026-08-09T16:08:58.889Z
log_1786291769213_w0r0,Tissue Paper (Stock OUT (-)),'-2 packet | Manual OUT entry recorded for J108,2026-08-09T16:09:29.215Z
log_1786291795903_ffre,Milk (দুধ) (Stock IN (+)),'+2 packet | Manual IN entry recorded for J054,2026-08-09T16:09:55.905Z
log_1786291805824_wnzw,Dahi (দই / Curd) (Stock IN (+)),'+5 kg | Manual IN entry recorded for J055,2026-08-09T16:10:05.826Z
log_1786291822921_m70j,Paneer (পনির) (Stock IN (+)),'+0.5 g | Manual IN entry recorded for J056,2026-08-09T16:10:22.923Z
log_1786291841072_aqkr,Amul Fresh Cream (Stock IN (+)),'+5 packet | Manual IN entry recorded for J058,2026-08-09T16:10:41.074Z
log_1786291892277_mhdn,Potato (আলু) (Stock IN (+)),'+50 kg | Manual IN entry recorded for J075,2026-08-09T16:11:32.279Z
log_1786291910321_tvxe,Onion (পেঁয়াজ) (Stock IN (+)),'+50 kg | Manual IN entry recorded for J076,2026-08-09T16:11:50.323Z
log_1786292005255_stc8,Bisleri Water 1L (Stock IN (+)),'+120 pcs | Manual IN entry recorded for J064,2026-08-09T16:13:25.257Z
log_1786292670271_hs13,Palm Oil (পাম অয়েল) (Stock OUT (-)),'-2 packet | Manual OUT entry recorded for J002,2026-08-09T16:24:30.274Z
log_1786297649902_3jh1,Bisleri Water 1L (Stock OUT (-)),'-11 pcs | Manual OUT entry recorded for J064,2026-08-09T17:47:29.904Z
log_1786297674048_kqrh,Bisleri Water 500ml (Stock OUT (-)),'-2 pcs | Manual OUT entry recorded for J067,2026-08-09T17:47:54.050Z
log_1786297693071_flcq,Bisleri Water 1L (Stock OUT (-)),'-2 pcs | Manual OUT entry recorded for J064,2026-08-09T17:48:13.072Z
log_1786297714761_9h06,Campa Black 500ml (Stock OUT (-)),'-5 pcs | Manual OUT entry recorded for J061,2026-08-09T17:48:34.763Z
log_1786377715778_hyfr,Palm Oil (পাম অয়েল) (Stock OUT (-)),'-5 packet | Manual OUT entry recorded for J002,2026-08-10T16:01:55.781Z
log_1786377753383_zef4,Tomato Sauce (টমেটো sos) (Stock OUT (-)),'-1 packet | Manual OUT entry recorded for J008,2026-08-10T16:02:33.385Z
log_1786377776555_meau,Kasuri Methi (Stock OUT (-)),'-1 pcs | Manual OUT entry recorded for J013,2026-08-10T16:02:56.557Z
log_1786377801635_kz5r,Kabuli Chana (Stock OUT (-)),'-0.7 g | Manual OUT entry recorded for J021,2026-08-10T16:03:21.637Z
log_1786377825657_2jfn,Chilli Powder (Stock OUT (-)),'-4 packet | Manual OUT entry recorded for J017,2026-08-10T16:03:45.660Z
log_1786377863976_q3cl,Sugar (Stock OUT (-)),'-1.5 g | Manual OUT entry recorded for J029,2026-08-10T16:04:23.978Z
log_1786377908645_3pka,Dalchini (Cinnamon) (Stock OUT (-)),'-0.2 g | Manual OUT entry recorded for J037,2026-08-10T16:05:08.647Z
log_1786377926119_zkf1,Starful (Star Anise) (Stock OUT (-)),'-0.18 g | Manual OUT entry recorded for J038,2026-08-10T16:05:26.121Z
log_1786378000975_d0e1,Dahi (দই / Curd) (Stock OUT (-)),'-5 kg | Manual OUT entry recorded for J055,2026-08-10T16:06:40.977Z
log_1786378044675_0nd7,Potato (আলু) (Stock OUT (-)),'-3 kg | Manual OUT entry recorded for J075,2026-08-10T16:07:24.677Z
log_1786378065578_v04y,Onion (পেঁয়াজ) (Stock OUT (-)),'-10 kg | Manual OUT entry recorded for J076,2026-08-10T16:07:45.581Z
log_1786378095929_95cq,Capsicum (Stock OUT (-)),'-0.5 kg | Manual OUT entry recorded for J079,2026-08-10T16:08:15.930Z
log_1786378158546_sk7m,Carrot (Stock OUT (-)),'-0.5 kg | Manual OUT entry recorded for J080,2026-08-10T16:09:18.548Z
log_1786378184732_3ckf,Green Chilli (কাঁচা লঙ্কা) (Stock OUT (-)),'-0.2 kg | Manual OUT entry recorded for J082,2026-08-10T16:09:44.734Z
log_1786378208912_8vx2,Tomato (টমেটো) (Stock OUT (-)),'-0.3 kg | Manual OUT entry recorded for J083,2026-08-10T16:10:08.915Z
log_1786378229216_2f8s,Cabbage (বাঁধাকপি) (Stock OUT (-)),'-1 kg | Manual OUT entry recorded for J084,2026-08-10T16:10:29.219Z
log_1786378256360_9vmu,Dhania Pata (Coriander) (Stock OUT (-)),'-0.5 kg | Manual OUT entry recorded for J086,2026-08-10T16:10:56.361Z
log_1786378317668_8tfl,Cucumber (শসা) (Stock OUT (-)),'-0.5 kg | Manual OUT entry recorded for J088,2026-08-10T16:11:57.671Z
log_1786378339394_63ad,13x16 Carry Bag (Stock OUT (-)),'-1 packet | Manual OUT entry recorded for J112,2026-08-10T16:12:19.396Z
log_1786378363476_zo01,Tissue Paper (Stock OUT (-)),'-1 packet | Manual OUT entry recorded for J108,2026-08-10T16:12:43.477Z
log_1786378387144_i7rc,Egg (ডিম) (Stock IN (+)),'+7 packet | Manual IN entry recorded for J052,2026-08-10T16:13:07.146Z
log_1786378448716_pcd9,Milk (দুধ) (Stock OUT (-)),'-1 packet | Manual OUT entry recorded for J054,2026-08-10T16:14:08.719Z
log_1786381525527_26au,Amul Fresh Cream (Stock OUT (-)),'-1 packet | Manual OUT entry recorded for J058,2026-08-10T17:05:25.541Z
log_1786383810067_wirm,Maida (মাইদা) (Stock OUT (-)),'-4 kg | Manual OUT entry recorded for J005,2026-08-10T17:43:30.070Z
log_1786385281530_76eg,Campa Black 500ml (Stock OUT (-)),'-4 pcs | Manual OUT entry recorded for J061,2026-08-10T18:08:01.533Z
log_1786385314535_vcqw,Bisleri Water 1L (Stock OUT (-)),'-7 pcs | Manual OUT entry recorded for J064,2026-08-10T18:08:34.537Z
log_1786385345629_g63j,Bisleri Water 500ml (Stock OUT (-)),'-3 pcs | Manual OUT entry recorded for J067,2026-08-10T18:09:05.632Z
log_1786428945555_424v,Dhania Pata (Coriander) (Stock OUT (-)),'-9 kg | Manual OUT entry recorded for J086,2026-08-11T06:15:45.565Z
log_1786429049191_hcyl,Mustard Oil (মাস্টার অয়েল) (Stock IN (+)),'+1 L | Manual IN entry recorded for J004,2026-08-11T06:17:29.202Z
log_1786429174397_ld4v,Ajinomoto (Ajina) (Stock IN (+)),'+4 kg | Manual IN entry recorded for J016,2026-08-11T06:19:34.402Z
log_1786429366238_449j,Dahi (দই / Curd) (Stock OUT (-)),'-3 kg | Manual OUT entry recorded for J055,2026-08-11T06:22:46.249Z
log_1786458201842_3cvw,Palm Oil (পাম অয়েল) (Stock OUT (-)),'-5 packet | Manual OUT entry recorded for J002,2026-08-11T14:23:21.845Z
log_1786458397017_ie7m,Tomato Sauce (টমেটো sos) (Stock OUT (-)),'-1 packet | Manual OUT entry recorded for J008,2026-08-11T14:26:37.019Z
log_1786458465757_oteo,Chili Sauce (Stock OUT (-)),'-1 pcs | Manual OUT entry recorded for J009,2026-08-11T14:27:45.758Z
log_1786458477875_mhxc,Soy Sauce (Stock OUT (-)),'-1 pcs | Manual OUT entry recorded for J010,2026-08-11T14:27:57.877Z
log_1786458492121_arba,Vinegar (Stock OUT (-)),'-1 pcs | Manual OUT entry recorded for J011,2026-08-11T14:28:12.123Z
log_1786458518623_pyg6,Kasuri Methi (Stock OUT (-)),'-1 pcs | Manual OUT entry recorded for J013,2026-08-11T14:28:38.624Z
log_1786458534123_18aj,Ajinomoto (Ajina) (Stock OUT (-)),'-0.5 kg | Manual OUT entry recorded for J016,2026-08-11T14:28:54.125Z
log_1786458551622_30mm,Chat Masala (Stock OUT (-)),'-2 packet | Manual OUT entry recorded for J014,2026-08-11T14:29:11.625Z
log_1786458577279_n8gn,Chilli Powder (Stock OUT (-)),'-5 packet | Manual OUT entry recorded for J017,2026-08-11T14:29:37.280Z
log_1786458655347_hknh,Dhania (Coriander Seeds) (Stock OUT (-)),'-0.1 g | Manual OUT entry recorded for J051,2026-08-11T14:30:55.349Z
log_1786458689742_pl4u,Milk (দুধ) (Stock OUT (-)),'-1 packet | Manual OUT entry recorded for J054,2026-08-11T14:31:29.745Z
log_1786458708506_8lpe,Dahi (দই / Curd) (Stock OUT (-)),'-4 kg | Manual OUT entry recorded for J055,2026-08-11T14:31:48.509Z
log_1786458724406_qnpx,Butter (Stock OUT (-)),'-1 packet | Manual OUT entry recorded for J057,2026-08-11T14:32:04.409Z
log_1786458741600_293c,Amul Fresh Cream (Stock OUT (-)),'-1 packet | Manual OUT entry recorded for J058,2026-08-11T14:32:21.603Z
log_1786458816865_3kxu,Potato (আলু) (Stock OUT (-)),'-3.5 kg | Manual OUT entry recorded for J075,2026-08-11T14:33:36.867Z
log_1786458839206_32pj,Onion (পেঁয়াজ) (Stock OUT (-)),'-2.5 kg | Manual OUT entry recorded for J076,2026-08-11T14:33:59.209Z
log_1786458863382_qndv,Capsicum (Stock OUT (-)),'-0.7 kg | Manual OUT entry recorded for J079,2026-08-11T14:34:23.385Z
log_1786458887681_ljn2,Carrot (Stock OUT (-)),'-0.5 kg | Manual OUT entry recorded for J080,2026-08-11T14:34:47.684Z
log_1786458916942_0yiq,Beans (Stock OUT (-)),'-0.5 kg | Manual OUT entry recorded for J081,2026-08-11T14:35:16.944Z
log_1786458939877_542s,Green Chilli (কাঁচা লঙ্কা) (Stock OUT (-)),'-0.25 kg | Manual OUT entry recorded for J082,2026-08-11T14:35:39.879Z
log_1786458965971_zp4v,Tomato (টমেটো) (Stock OUT (-)),'-1 kg | Manual OUT entry recorded for J083,2026-08-11T14:36:05.974Z
log_1786459003880_siae,Cabbage (বাঁধাকপি) (Stock OUT (-)),'-1.2 kg | Manual OUT entry recorded for J084,2026-08-11T14:36:43.882Z
log_1786459026544_qkjz,Dhania Pata (Coriander) (Stock OUT (-)),'-0.3 kg | Manual OUT entry recorded for J086,2026-08-11T14:37:06.546Z
log_1786459048110_jq8m,Cucumber (শসা) (Stock OUT (-)),'-0.6 kg | Manual OUT entry recorded for J088,2026-08-11T14:37:28.113Z
log_1786459071380_7cwr,Tissue Paper (Stock OUT (-)),'-2 packet | Manual OUT entry recorded for J108,2026-08-11T14:37:51.383Z
log_1786459088672_e3dq,7x9 SP Pouch (Stock OUT (-)),'-1 packet | Manual OUT entry recorded for J116,2026-08-11T14:38:08.674Z
log_1786459103370_g85z,6x8 SP Pouch (Stock OUT (-)),'-1 pcs | Manual OUT entry recorded for J118,2026-08-11T14:38:23.372Z
log_1786459118464_lkxy,16x20 Carry Bag (Stock OUT (-)),'-1 packet | Manual OUT entry recorded for J111,2026-08-11T14:38:38.466Z
log_1786459147250_4d2o,1000ml Container (Stock OUT (-)),'-1 pcs | Manual OUT entry recorded for J104,2026-08-11T14:39:07.252Z
log_1786459186258_dkl6,Milk (দুধ) (Stock IN (+)),'+2 packet | Manual IN entry recorded for J054,2026-08-11T14:39:46.261Z
log_1786459199983_8y39,Dahi (দই / Curd) (Stock IN (+)),'+8 kg | Manual IN entry recorded for J055,2026-08-11T14:39:59.985Z
log_1786459223902_1leu,Tomato (টমেটো) (Stock IN (+)),'+2 kg | Manual IN entry recorded for J083,2026-08-11T14:40:23.904Z
log_1786459246308_6eah,Dhania Pata (Coriander) (Stock IN (+)),'+0.3 kg | Manual IN entry recorded for J086,2026-08-11T14:40:46.310Z
log_1786460653321_m0eb,Cucumber (শসা) (Stock OUT (-)),'-0.5 kg | Manual OUT entry recorded for J088,2026-08-11T15:04:13.323Z
log_1786460681170_j8em,Carrot (Stock OUT (-)),'-0.5 kg | Manual OUT entry recorded for J080,2026-08-11T15:04:41.172Z
log_1786462603094_bq27,13x16 Carry Bag (Stock OUT (-)),'-2 packet | Manual OUT entry recorded for J112,2026-08-11T15:36:43.096Z
log_1786463969659_vuhj,Milk (দুধ) (Stock OUT (-)),'-1 packet | Manual OUT entry recorded for J054,2026-08-11T15:59:29.662Z
log_1786468209071_ken1,Refined Oil (রেফাইন্ড অয়েল) (Stock OUT (-)),'-1 L | Manual OUT entry recorded for J003,2026-08-11T17:10:09.073Z
log_1786549593609_wd77,Rice (রাইস) (Stock OUT (-)),'-1 packet | Manual OUT entry recorded for J001,2026-08-12T15:46:33.612Z
log_1786549778868_t5uo,Palm Oil (পাম অয়েল) (Stock OUT (-)),'-8 packet | Manual OUT entry recorded for J002,2026-08-12T15:49:38.870Z
log_1786549832864_29w3,Mustard Oil (মাস্টার অয়েল) (Stock OUT (-)),'-1 L | Manual OUT entry recorded for J004,2026-08-12T15:50:32.866Z
log_1786549872278_nmrh,Chowmein Noodle (চাউমিন) (Stock OUT (-)),'-5 packet | Manual OUT entry recorded for J007,2026-08-12T15:51:12.280Z
log_1786549902970_gnyc,Kasuri Methi (Stock OUT (-)),'-1 pcs | Manual OUT entry recorded for J013,2026-08-12T15:51:42.972Z
log_1786549942756_1gv0,Chilli Powder (Stock OUT (-)),'-5 packet | Manual OUT entry recorded for J017,2026-08-12T15:52:22.758Z
log_1786549955810_3k54,Haldi (Turmeric Powder) (Stock OUT (-)),'-4 packet | Manual OUT entry recorded for J018,2026-08-12T15:52:35.812Z
log_1786550001331_y7rw,Elachi (Cardamom) (Stock OUT (-)),'-0.1 g | Manual OUT entry recorded for J034,2026-08-12T15:53:21.333Z
log_1786550026361_rxo5,Long (Cloves) (Stock OUT (-)),'-0.1 g | Manual OUT entry recorded for J035,2026-08-12T15:53:46.363Z
log_1786550127583_kka9,Black Pepper (Gol Morich) (Stock OUT (-)),'-0.2 g | Manual OUT entry recorded for J041,2026-08-12T15:55:27.585Z
log_1786550154018_8a6o,Vim Soap / Bar (Bhim Srap) (Stock OUT (-)),'-3 pcs | Manual OUT entry recorded for J124,2026-08-12T15:55:54.020Z
log_1786550200344_7gsr,Milk (দুধ) (Stock OUT (-)),'-1 packet | Manual OUT entry recorded for J054,2026-08-12T15:56:40.346Z
log_1786550225955_of5w,Dahi (দই / Curd) (Stock OUT (-)),'-9 kg | Manual OUT entry recorded for J055,2026-08-12T15:57:05.957Z
log_1786550309409_63e9,Butter (Stock OUT (-)),'-1 packet | Manual OUT entry recorded for J057,2026-08-12T15:58:29.411Z
log_1786550340079_svag,Amul Fresh Cream (Stock OUT (-)),'-1 packet | Manual OUT entry recorded for J058,2026-08-12T15:59:00.081Z
log_1786550437897_460y,Potato (আলু) (Stock OUT (-)),'-2.5 kg | Manual OUT entry recorded for J075,2026-08-12T16:00:37.899Z
log_1786550470763_wva8,Onion (পেঁয়াজ) (Stock OUT (-)),'-4.5 kg | Manual OUT entry recorded for J076,2026-08-12T16:01:10.766Z
log_1786550510816_gymb,Capsicum (Stock OUT (-)),'-0.5 kg | Manual OUT entry recorded for J079,2026-08-12T16:01:50.818Z
log_1786550533678_z7gj,Carrot (Stock OUT (-)),'-0.6 kg | Manual OUT entry recorded for J080,2026-08-12T16:02:13.681Z
log_1786550560973_0e76,Green Chilli (কাঁচা লঙ্কা) (Stock OUT (-)),'-0.4 kg | Manual OUT entry recorded for J082,2026-08-12T16:02:40.976Z
log_1786550580492_auc1,Tomato (টমেটো) (Stock OUT (-)),'-0.8 kg | Manual OUT entry recorded for J083,2026-08-12T16:03:00.495Z
log_1786550617587_hf60,Cabbage (বাঁধাকপি) (Stock OUT (-)),'-2 kg | Manual OUT entry recorded for J084,2026-08-12T16:03:37.589Z
log_1786550640813_25p4,Dhania Pata (Coriander) (Stock OUT (-)),'-0.4 kg | Manual OUT entry recorded for J086,2026-08-12T16:04:00.815Z
log_1786550667849_pe4k,Cucumber (শসা) (Stock OUT (-)),'-0.5 kg | Manual OUT entry recorded for J088,2026-08-12T16:04:27.852Z
log_1786550730851_qe2s,13x16 Carry Bag (Stock OUT (-)),'-1 packet | Manual OUT entry recorded for J112,2026-08-12T16:05:30.853Z
log_1786550753985_xqzh,Chatni Box (Stock OUT (-)),'-1 packet | Manual OUT entry recorded for J110,2026-08-12T16:05:53.987Z
log_1786550785861_mw8q,Tissue Paper (Stock OUT (-)),'-3 packet | Manual OUT entry recorded for J108,2026-08-12T16:06:25.864Z
log_1786550834343_f4e6,Rice (রাইস) (Stock IN (+)),'+1 packet | Manual IN entry recorded for J001,2026-08-12T16:07:14.344Z
log_1786550852209_927x,Milk (দুধ) (Stock IN (+)),'+2 packet | Manual IN entry recorded for J054,2026-08-12T16:07:32.211Z
log_1786550872712_9wcq,Dahi (দই / Curd) (Stock IN (+)),'+5 kg | Manual IN entry recorded for J055,2026-08-12T16:07:52.714Z
log_1786550891135_p503,Butter (Stock IN (+)),'+4 packet | Manual IN entry recorded for J057,2026-08-12T16:08:11.137Z
log_1786550911118_7x4y,Ginger (আদা) (Stock IN (+)),'+3 kg | Manual IN entry recorded for J077,2026-08-12T16:08:31.119Z
log_1786550923603_a9yu,Garlic (রসুন) (Stock IN (+)),'+3 kg | Manual IN entry recorded for J078,2026-08-12T16:08:43.606Z
log_1786550955441_jtuq,Dhania Pata (Coriander) (Stock IN (+)),'+2 kg | Manual IN entry recorded for J086,2026-08-12T16:09:15.443Z
log_1786550977904_d809,Chatni Box (Stock IN (+)),'+10 packet | Manual IN entry recorded for J110,2026-08-12T16:09:37.907Z
log_1786552375589_6bll,Papad (Stock OUT (-)),'-5 packet | Manual OUT entry recorded for J046,2026-08-12T16:32:55.591Z
log_1786634984959_k8n8,Palm Oil (পাম অয়েল) (Stock OUT (-)),'-5 packet | Manual OUT entry recorded for J002,2026-08-13T15:29:44.963Z
log_1786635000269_96ai,Refined Oil (রেফাইন্ড অয়েল) (Stock OUT (-)),'-1 L | Manual OUT entry recorded for J003,2026-08-13T15:30:00.271Z
log_1786635057893_br3o,Maida (মাইদা) (Stock OUT (-)),'-4 kg | Manual OUT entry recorded for J005,2026-08-13T15:30:57.895Z
log_1786635076653_yyiw,Atta (আটা) (Stock OUT (-)),'-5 kg | Manual OUT entry recorded for J006,2026-08-13T15:31:16.655Z
log_1786635109021_a43f,Tomato Sauce (টমেটো sos) (Stock OUT (-)),'-1 packet | Manual OUT entry recorded for J008,2026-08-13T15:31:49.023Z
log_1786635124509_58k1,Vinegar (Stock OUT (-)),'-1 pcs | Manual OUT entry recorded for J011,2026-08-13T15:32:04.510Z
log_1786635791767_eww8,Kasuri Methi (Stock OUT (-)),'-1 pcs | Manual OUT entry recorded for J013,2026-08-13T15:43:11.769Z
log_1786635804950_lgy5,Chat Masala (Stock OUT (-)),'-2 packet | Manual OUT entry recorded for J014,2026-08-13T15:43:24.952Z
log_1786635816191_76ds,Kashmiri Chilli Powder (Stock OUT (-)),'-2 pcs | Manual OUT entry recorded for J015,2026-08-13T15:43:36.193Z
log_1786635841921_lwgh,Chilli Powder (Stock OUT (-)),'-5 packet | Manual OUT entry recorded for J017,2026-08-13T15:44:01.925Z
log_1786635873478_rsek,Red Food Color (Stock OUT (-)),'-1 box | Manual OUT entry recorded for J024,2026-08-13T15:44:33.481Z
log_1786636120350_ia3r,Vim Soap / Bar (Bhim Srap) (Stock OUT (-)),'-2 pcs | Manual OUT entry recorded for J124,2026-08-13T15:48:40.353Z
log_1786636188351_bgsi,Dahi (দই / Curd) (Stock OUT (-)),'-3 kg | Manual OUT entry recorded for J055,2026-08-13T15:49:48.353Z
log_1786636209934_z92z,Butter (Stock OUT (-)),'-1 packet | Manual OUT entry recorded for J057,2026-08-13T15:50:09.936Z
log_1786636233303_cwub,1000ml Container (Stock OUT (-)),'-1 pcs | Manual OUT entry recorded for J104,2026-08-13T15:50:33.305Z
log_1786636254462_lpsl,750ml Container (Stock OUT (-)),'-1 pcs | Manual OUT entry recorded for J106,2026-08-13T15:50:54.464Z
log_1786636277678_zuhv,Dahi (দই / Curd) (Stock IN (+)),'+5 kg | Manual IN entry recorded for J055,2026-08-13T15:51:17.681Z
log_1786636299190_hfeq,Potato (আলু) (Stock OUT (-)),'-4.5 kg | Manual OUT entry recorded for J075,2026-08-13T15:51:39.192Z
log_1786636345167_7ssy,Onion (পেঁয়াজ) (Stock OUT (-)),'-5 kg | Manual OUT entry recorded for J076,2026-08-13T15:52:25.169Z
log_1786636363943_qx8y,Ginger (আদা) (Stock OUT (-)),'-3 kg | Manual OUT entry recorded for J077,2026-08-13T15:52:43.945Z
log_1786636381430_zneu,Garlic (রসুন) (Stock OUT (-)),'-2.5 kg | Manual OUT entry recorded for J078,2026-08-13T15:53:01.433Z
log_1786636410319_h05r,Capsicum (Stock OUT (-)),'-0.5 kg | Manual OUT entry recorded for J079,2026-08-13T15:53:30.321Z
log_1786636550199_vhq0,Carrot (Stock OUT (-)),'-0.5 kg | Manual OUT entry recorded for J080,2026-08-13T15:55:50.201Z
log_1786636570407_mgw6,Tomato (টমেটো) (Stock OUT (-)),'-0.5 kg | Manual OUT entry recorded for J083,2026-08-13T15:56:10.410Z
log_1786636600703_i821,Dhania Pata (Coriander) (Stock OUT (-)),'-0.5 kg | Manual OUT entry recorded for J086,2026-08-13T15:56:40.705Z
log_1786636616775_hi3f,Cucumber (শসা) (Stock OUT (-)),'-0.4 kg | Manual OUT entry recorded for J088,2026-08-13T15:56:56.777Z
log_1786642341597_8tut,Campa Black 500ml (Stock OUT (-)),'-9 pcs | Manual OUT entry recorded for J061,2026-08-13T17:32:21.600Z
log_1786642359045_xo17,Bisleri Water 1L (Stock OUT (-)),'-21 pcs | Manual OUT entry recorded for J064,2026-08-13T17:32:39.048Z
log_1786642380765_fxc0,Bisleri Water 500ml (Stock OUT (-)),'-4 pcs | Manual OUT entry recorded for J067,2026-08-13T17:33:00.767Z
log_1786642394437_pixz,Dahi (দই / Curd) (Stock IN (+)),'+3 kg | Manual IN entry recorded for J055,2026-08-13T17:33:14.439Z
log_1786686647662_hnhk,Lemon (লেবু) (Stock OUT (-)),'-50 pcs | Manual OUT entry recorded for J085,2026-08-14T05:50:47.667Z
log_1786686672239_yze4,Lemon (লেবু) (Stock IN (+)),'+16 pcs | Manual IN entry recorded for J085,2026-08-14T05:51:12.244Z
log_1786686685219_34l2,Lemon (লেবু) (Stock OUT (-)),'-6 pcs | Manual OUT entry recorded for J085,2026-08-14T05:51:25.223Z
log_1786688900842_34py,Cabbage (বাঁধাকপি) (Stock OUT (-)),'-0.7 kg | Manual OUT entry recorded for J084,2026-08-14T06:28:20.846Z
log_1786688947671_grt4,Capsicum (Stock IN (+)),'+2.5 kg | Manual IN entry recorded for J079,2026-08-14T06:29:07.674Z
log_1786688988805_nqmq,Tomato (টমেটো) (Stock IN (+)),'+5.2 kg | Manual IN entry recorded for J083,2026-08-14T06:29:48.807Z
log_1786689057679_nxog,Carrot (Stock IN (+)),'+3.55 kg | Manual IN entry recorded for J080,2026-08-14T06:30:57.683Z
log_1786689137555_vhl7,Green Chilli (কাঁচা লঙ্কা) (Stock IN (+)),'+2.15 kg | Manual IN entry recorded for J082,2026-08-14T06:32:17.558Z
log_1786689172533_umkz,Green Chilli (কাঁচা লঙ্কা) (Stock OUT (-)),'-1 kg | Manual OUT entry recorded for J082,2026-08-14T06:32:52.538Z
log_1786689292251_aozh,Cucumber (শসা) (Stock IN (+)),'+2.4 kg | Manual IN entry recorded for J088,2026-08-14T06:34:52.253Z
log_1786689575037_yxuk,Egg (ডিম) (Stock OUT (-)),'-5 packet | Manual OUT entry recorded for J052,2026-08-14T06:39:35.040Z
log_1786689603868_f575,Egg (ডিম) (Stock OUT (-)),'-2 packet | Manual OUT entry recorded for J052,2026-08-14T06:40:03.870Z
log_1786689641493_rj2s,plastic FOLK (Stock OUT (-)),'-5 packet | Manual OUT entry recorded for J00134,2026-08-14T06:40:41.495Z
log_1786689661157_90dw,Maida (মাইদা) (Stock OUT (-)),'-4 kg | Manual OUT entry recorded for J005,2026-08-14T06:41:01.159Z
log_1786689702741_wjmy,Chowmein Noodle (চাউমিন) (Stock OUT (-)),'-4 packet | Manual OUT entry recorded for J007,2026-08-14T06:41:42.743Z
log_1786689736621_btyl,Butter (Stock OUT (-)),'-1 packet | Manual OUT entry recorded for J057,2026-08-14T06:42:16.624Z
log_1786689754309_8166,Kasuri Methi (Stock OUT (-)),'-1 pcs | Manual OUT entry recorded for J013,2026-08-14T06:42:34.311Z
log_1786689784085_0a9p,Sugar (Stock OUT (-)),'-0.7 g | Manual OUT entry recorded for J029,2026-08-14T06:43:04.088Z
log_1786689800014_fw4j,Ajinomoto (Ajina) (Stock OUT (-)),'-0.5 kg | Manual OUT entry recorded for J016,2026-08-14T06:43:20.016Z
log_1786689830838_pxiv,Dhania (Coriander Seeds) (Stock OUT (-)),'-0.1 g | Manual OUT entry recorded for J051,2026-08-14T06:43:50.841Z
log_1786689851222_s0i1,Black Pepper (Gol Morich) (Stock OUT (-)),'-0.2 g | Manual OUT entry recorded for J041,2026-08-14T06:44:11.223Z
log_1786697009902_w6dv,Dry Chilli (Stock OUT (-)),'-0.25 g | Manual OUT entry recorded for J027,2026-08-14T08:43:29.905Z
log_1786697040654_24bu,Mogoz (Melon Seeds) (Stock OUT (-)),'-0.6 g | Manual OUT entry recorded for J033,2026-08-14T08:44:00.656Z
log_1786697125573_bk9m,Dalda / Vanaspati (Stock OUT (-)),'-2 packet | Manual OUT entry recorded for J031,2026-08-14T08:45:25.575Z
log_1786697148182_lf84,Posto (Poppy Seeds) (Stock OUT (-)),'-2 packet | Manual OUT entry recorded for J030,2026-08-14T08:45:48.184Z
log_1786697167287_l8zt,Tomato (টমেটো) (Stock OUT (-)),'-2.1 kg | Manual OUT entry recorded for J083,2026-08-14T08:46:07.289Z
log_1786697193174_ewky,Cucumber (শসা) (Stock OUT (-)),'-0.3 kg | Manual OUT entry recorded for J088,2026-08-14T08:46:33.176Z
log_1786697210150_4ofl,Carrot (Stock OUT (-)),'-0.2 kg | Manual OUT entry recorded for J080,2026-08-14T08:46:50.152Z
log_1786698977433_2rup,Carrot (Stock OUT (-)),'-0.5 kg | Manual OUT entry recorded for J080,2026-08-14T09:16:17.435Z
log_1786698994264_4pss,Cucumber (শসা) (Stock OUT (-)),'-0.5 kg | Manual OUT entry recorded for J088,2026-08-14T09:16:34.266Z
log_1786699272601_6nrn,Potato (আলু) (Stock OUT (-)),'-2.4 kg | Manual OUT entry recorded for J075,2026-08-14T09:21:12.603Z
log_1786713920345_qmj8,Amul Fresh Cream (Stock OUT (-)),'-1 packet | Manual OUT entry recorded for J058,2026-08-14T13:25:20.348Z
log_1786724962155_fmgj,Butter (Stock OUT (-)),'-1 packet | Manual OUT entry recorded for J057,2026-08-14T16:29:22.158Z
log_1786724982490_1gro,Cucumber (শসা) (Stock OUT (-)),'-0.5 kg | Manual OUT entry recorded for J088,2026-08-14T16:29:42.493Z
log_1786725589442_c0yg,Palm Oil (পাম অয়েল) (Stock OUT (-)),'-2 packet | Manual OUT entry recorded for J002,2026-08-14T16:39:49.444Z
log_1786728979947_bcle,Campa Black 500ml (Stock OUT (-)),'-4 pcs | Manual OUT entry recorded for J061,2026-08-14T17:36:19.950Z
log_1786729005177_ggan,Thums Up 500ml (Stock OUT (-)),'-4 pcs | Manual OUT entry recorded for J071,2026-08-14T17:36:45.178Z
log_1786729039793_0y59,Bisleri Water 1L (Stock OUT (-)),'-18 pcs | Manual OUT entry recorded for J064,2026-08-14T17:37:19.795Z
log_1786729060744_baxg,Bisleri Water 500ml (Stock OUT (-)),'-3 pcs | Manual OUT entry recorded for J067,2026-08-14T17:37:40.745Z
log_1786729085327_dfj6,Thums Up 500ml (Stock IN (+)),'+24 pcs | Manual IN entry recorded for J071,2026-08-14T17:38:05.330Z
log_1786729114208_451e,Sprite 500ml (Stock IN (+)),'+24 pcs | Manual IN entry recorded for J073,2026-08-14T17:38:34.209Z
log_1786729148517_4ccd,Sprite 1L (Stock OUT (-)),'-12 pcs | Manual OUT entry recorded for J074,2026-08-14T17:39:08.519Z
log_1786729165685_1msk,Vim Soap / Bar (Bhim Srap) (Stock OUT (-)),'-2 pcs | Manual OUT entry recorded for J124,2026-08-14T17:39:25.686Z
log_1786730203098_vlmq,Sugar (Stock OUT (-)),'-2 g | Manual OUT entry recorded for J029,2026-08-14T17:56:43.100Z
log_1786730217822_dxtl,Pure Ghee (Stock OUT (-)),'-1 box | Manual OUT entry recorded for J042,2026-08-14T17:56:57.825Z
log_1786799372718_9zq2,Rice (রাইস) (Stock OUT (-)),'-1 packet | Manual OUT entry recorded for J001,2026-08-15T13:09:32.722Z
log_1786799384036_pwx9,Palm Oil (পাম অয়েল) (Stock OUT (-)),'-8 packet | Manual OUT entry recorded for J002,2026-08-15T13:09:44.039Z
log_1786799394453_11vk,Refined Oil (রেফাইন্ড অয়েল) (Stock OUT (-)),'-1 L | Manual OUT entry recorded for J003,2026-08-15T13:09:54.455Z
log_1786799405581_3ix3,Mustard Oil (মাস্টার অয়েল) (Stock OUT (-)),'-1 L | Manual OUT entry recorded for J004,2026-08-15T13:10:05.583Z
log_1786799427341_881h,Maida (মাইদা) (Stock OUT (-)),'-4 kg | Manual OUT entry recorded for J005,2026-08-15T13:10:27.343Z
log_1786799437868_8ahn,Chowmein Noodle (চাউমিন) (Stock OUT (-)),'-3 packet | Manual OUT entry recorded for J007,2026-08-15T13:10:37.870Z
log_1786799447860_r5lc,Tomato Sauce (টমেটো sos) (Stock OUT (-)),'-1 packet | Manual OUT entry recorded for J008,2026-08-15T13:10:47.862Z
log_1786799461141_9t2m,Vinegar (Stock OUT (-)),'-1 pcs | Manual OUT entry recorded for J011,2026-08-15T13:11:01.144Z
log_1786799472132_ucbk,Kasuri Methi (Stock OUT (-)),'-2 pcs | Manual OUT entry recorded for J013,2026-08-15T13:11:12.134Z
log_1786799494270_62ud,Attar / Essence (Stock OUT (-)),'-1 pcs | Manual OUT entry recorded for J023,2026-08-15T13:11:34.271Z
log_1786799520070_dqsf,Elachi (Cardamom) (Stock OUT (-)),'-0.2 g | Manual OUT entry recorded for J034,2026-08-15T13:12:00.073Z
log_1786799537222_damk,Jaitri (Mace) (Stock OUT (-)),'-0.15 g | Manual OUT entry recorded for J036,2026-08-15T13:12:17.224Z
log_1786800322025_2ffv,Kissan Tomato Sauce Pouch (Stock OUT (-)),'-1 pcs | Manual OUT entry recorded for J047,2026-08-15T13:25:22.028Z
log_1786800343048_24z5,Refined Oil (রেফাইন্ড অয়েল) (Stock IN (+)),'+1 L | Manual IN entry recorded for J003,2026-08-15T13:25:43.050Z
log_1786800354459_gos4,Rice (রাইস) (Stock IN (+)),'+5 packet | Manual IN entry recorded for J001,2026-08-15T13:25:54.463Z
log_1786800368827_z68o,Onion (পেঁয়াজ) (Stock IN (+)),'+7 kg | Manual IN entry recorded for J076,2026-08-15T13:26:08.830Z
log_1786800392682_t4x0,Milk (দুধ) (Stock OUT (-)),'-3 packet | Manual OUT entry recorded for J054,2026-08-15T13:26:32.685Z
log_1786800473039_3qud,Dahi (দই / Curd) (Stock OUT (-)),'-5 packet | Manual OUT entry recorded for J055,2026-08-15T13:27:53.042Z
log_1786800492863_5cs6,Dahi (দই / Curd) (Stock OUT (-)),'-2 packet | Manual OUT entry recorded for J055,2026-08-15T13:28:12.865Z
log_1786800528959_auhy,Chatni Box (Stock OUT (-)),'-1 packet | Manual OUT entry recorded for J110,2026-08-15T13:28:48.963Z
log_1786800561346_d6nx,1000ml Container (Stock OUT (-)),'-1 pcs | Manual OUT entry recorded for J104,2026-08-15T13:29:21.348Z
log_1786800629302_59ie,Milk (দুধ) (Stock IN (+)),'+3 packet | Manual IN entry recorded for J054,2026-08-15T13:30:29.304Z
log_1786800645014_vyw6,Dahi (দই / Curd) (Stock IN (+)),'+4 packet | Manual IN entry recorded for J055,2026-08-15T13:30:45.016Z
log_1786800721322_n4ss,Campa Black 500ml (Stock IN (+)),'+24 pcs | Manual IN entry recorded for J061,2026-08-15T13:32:01.324Z
log_1786800737853_9bol,Campa White 500ml (Stock IN (+)),'+24 pcs | Manual IN entry recorded for J062,2026-08-15T13:32:17.856Z
log_1786804021071_a5h1,Vim Soap / Bar (Bhim Srap) (Stock OUT (-)),'-2 pcs | Manual OUT entry recorded for J124,2026-08-15T14:27:01.073Z
log_1786804840325_d6c8,Butter (Stock OUT (-)),'-1 packet | Manual OUT entry recorded for J057,2026-08-15T14:40:40.327Z
log_1786809591657_1agf,Potato (আলু) (Stock OUT (-)),'-4.5 kg | Manual OUT entry recorded for J075,2026-08-15T15:59:51.660Z
log_1786809659793_9vsi,Onion (পেঁয়াজ) (Stock OUT (-)),'-7 kg | Manual OUT entry recorded for J076,2026-08-15T16:00:59.795Z
log_1786809678193_9mvj,Capsicum (Stock OUT (-)),'-0.7 kg | Manual OUT entry recorded for J079,2026-08-15T16:01:18.195Z
log_1786809695505_5rmr,Carrot (Stock OUT (-)),'-0.8 kg | Manual OUT entry recorded for J080,2026-08-15T16:01:35.507Z
log_1786809723920_fz1s,Green Chilli (কাঁচা লঙ্কা) (Stock OUT (-)),'-0.25 kg | Manual OUT entry recorded for J082,2026-08-15T16:02:03.922Z
log_1786809741729_9kqh,Tomato (টমেটো) (Stock OUT (-)),'-1 kg | Manual OUT entry recorded for J083,2026-08-15T16:02:21.731Z
log_1786809765744_gihi,Dhania Pata (Coriander) (Stock OUT (-)),'-0.4 kg | Manual OUT entry recorded for J086,2026-08-15T16:02:45.747Z
log_1786809819888_3nol,Cucumber (শসা) (Stock OUT (-)),'-1 kg | Manual OUT entry recorded for J088,2026-08-15T16:03:39.891Z
log_1786810366655_6s7m,Palm Oil (পাম অয়েল) (Stock OUT (-)),'-3 packet | Manual OUT entry recorded for J002,2026-08-15T16:12:46.658Z
log_1786811931285_a53e,Kabuli Chana (Stock OUT (-)),'-0.5 g | Manual OUT entry recorded for J021,2026-08-15T16:38:51.288Z
